,comments
0,好像学生也全部请求退学了
1,你就非得当个二极管吗
2,真好啊，思想上的碰撞
3,一个大学生写的是多么，针砭时弊  连标题都透露着一种高级感
4,所以喷子要懂得喷重点
5,真的演谁像谁
6,陈乔年：让后代去享受我们披荆斩棘的幸福吧。
7,现时代仍需要鲁迅这样的人
8,.
9,骂的好，各位也都反思一下，如想改正就做出实际行动
10,李云龙:让我看看你小子有什么本事
11,他从黑暗泥泞中走来，带我们走向光明和坦途
12,二十一条那就没一条能答应，全是底线
13,低情商：我们现在还没达成（质变）
14,陈家最有种的两个男人
15,拖延症晚期
16,臣附议
17,一条未曾设想的道路
18,特意从开课啦跑出来看
19,演员扛的麻袋在这里是真的。
20,高中作文实用输材
21,原片这段我真的反复看
22,“容斋随笔只有五笔”
23,其实真实历史上是父亲给的生活费 大家安啦
24,哟！徐庶！
25,这里当时我就看哭了
26,三周就这样了啊秀哥，才一个寒假不到
27,您这嘴也忒损了哈哈哈
28,据本人说独秀原来是祖父取的但是自己很嫌弃，没想到后来真香了
29,直  播  带  货
30,开放新思想，争做新青年
31,震旦大厦！！！
32,壬左左？
33,上面已经决定了，你进水缸
34,妙手著文章
35,《新青年》
36,《网络现状》
37,那是什么？
38,全明星阵容啊，都是人物！
39,现代名言:认真你就输了
40,父子线很感人的 父子都是傲娇 其实很欣赏对方
41,那个时候都是在摸着石头过河，接受的理念也各不相同
42,百家争鸣
43,为什么用手抓饭？
44,这里我真的意料之外被感动到了
45,都是极端，应该理性思考，既不麻木也不易怒
46,陈独秀的秀是那个时代愿意站出来的秀才之一！致敬！
47,形似神似兼备的必需是我迅哥儿了
48,DNA动了
49,我要当面亲吻仲甫兄
50,再娶媳妇生孩子没落下
51,没票还去读大学？
52,这些都是张锡峰口中的“穷人”！
53,卧槽我才反应过来
54,历史上的高君曼也这么美?!好漂亮啊
55,延年乔年真的是意难平
56,行严先生！！
57,岂曰无衣 与子同袍
58,七、健壮的而非体弱的
59,哎哟哎哟哎哟哟哟哟，太经典了
60,“真理是越辩越明的”
61,章士钊先生真的好帅
62,汪孟邹：哎呦，哎呦，哎哟哟哟
63,天下谁人不识君
64,张永新是不是导演的军师联盟？
65,感觉和延年放蚂蚁对应了
66,看完这个片子我又有动力奋斗了
67,于和伟真是演一个像一个，看到他我就满脑子接着奏乐接着舞
68,哇塞这么难得啊
69,我希望这样的生活方式，思考方式，可以在百年之后，重新，慢慢回到这片土地上
70,发自心底的呼喊
71,这两兄弟都是尊重生命，胸有抱负的好孩子
72,这里真的看得又苦又好笑…
73,当时看到真的好想哭… 一望无际的大海上，他们是国人的脊梁
74,娃：关我什么事？？
75,鲁迅真的一个背影就认出来了
76,情绪激动倒还是有救，麻木不仁就完了
77,曹磊，让我们近距离触摸鲁迅先生
78,侠之大者，为国为民
79,心有猛虎，细嗅蔷薇
80,奔向光的人，自己身后总是跟着一片黑暗
81,呱:你礼貌吗
82,北京大学第一任校长是严复
83,发表言论的不一定能代表多数
84,好像春秋时的百家争鸣
85,毛指导
86,日本：我最擅长的就是道歉了，这个我熟
87,皇叔有此二子何愁汉室不兴
88,好先进的理论
89,B站私信现状
90,不好意思，胡适徐志摩出身好，但是道德嘛不敢恭维
91,封 建 大 家 长
92,“你那个图书馆搞得很好”哈哈哈哈哈哈
93,非常令人唏嘘的是这部剧居然赔本了
94,父慈子孝名场面
95,这给我一身鸡皮疙瘩！哭坏了
96,德先生与赛先生
97,真是一对苦命鸳鸯
98,这台词发现了是彩蛋，也是导游藏的刀子
99,心刚太刚了，但他这样的鲁莽也比怯懦更接近勇敢
100,皇叔
101,喝点儿酒呀（doge
102,家里条件不错，为什么出场那么落魄？
103,哈哈哈哈 文人够狠
104,大钊先生这时间也才二十多岁哈哈哈哈哈
105,“容斋随笔不是只有五笔吗”
106,封 建 主 义 大 家 长
107,这个背影配上雨景好美啊
108,独秀：是我的错，我家的错
109,记下来记下来
110,我要当面亲吻他
111,    说人家没有成就的能不能先看一下你自己
112,走向共和到觉醒年代，是可以串起来的啊
113,交截图那个笑死了
114,汪伯伯：懂了
115,感谢up主科普，我这下彻底看懂这一段了
116,共勉
117,不得不佩服
118,印度要开启民智！我们印度人不应该是迷信的！
119,强制包月哈哈哈哈哈
120,台词是真的好，编制很厉害
121,“就让我们的子孙后代享受前人披荆斩棘的幸福吧！”致敬陈乔年
122,考点
123,众所周知大学生一直都很热血
124,完了完了，脑子里全是刘皇叔
125,抓住他！！
126,暗中观察.jpg⇩
127,王往
128,河南大学才是被拆的最惨的
129,阿译长官唱首歌吧
130,一个人不能只是为自己活着
131,哈哈哈哈哈哈夺笋呐
132,但是也是他们的努力让我们今天有条件去烦恼生活琐事，而不是担忧是否还有明天
133,于和伟演员魅力非凡
134,0.
135,魏和尚
136,乔年曾经也是有哥哥护着的单纯少年呀
137,军师联盟的导演啊
138,已经在生气了……
139,文科不能救中国
140,大鸣大放 大辩论
141,他是个唤醒天下的好英雄，但他不是个好父亲
142,团员也要做的
143,截图干嘛，愣着啊
144,道歉原来是祖传技能啊
145,高考题？
146,这部剧我可以毫不夸张的说：永远的神
147,阿译
148,黄浦江已经沉满了自杀不了
149,扔到石头上就是另一种故事了
150,胡适人很好的
151,新青年，今天才考的
152,我愿称之为最帅！
153,“嗯？？？”
154,我总是听成手长先生～
155,我想在B站看全片！
156,衣食无忧 保我平安  
157,看完就知道胡适怎么了
158,看完
159,高君曼陪伴了陈独秀最轰轰烈烈的十五年
160,姨妈也是真心疼他俩……
161,名作啊
162,这纯属是把国家卖出去了
163,他来了他来了，好激动
164,高一涵
165,铁肩担道义，妙手著文章
166,他有他的道理 但站在延年兄弟两的角度恨是没问题的
167,一个西瓜分俩半
168,这一段真的非常喜欢
169,于和伟担当
170,不愧是汉室宗亲
171,我二弟天下无敌
172,前辈们太厉害了
173,你再骂(恳求)
174,哇
175,这剧竟然还赔钱，心痛死了
176,还有给爸爸的
177,那些小鲜肉们真应该好好看看什么是演技！什么是演员！
178,那时候的守常先生才26岁啊
179,嘿嘿
180,我说咋这么眼熟呢，原来演过人民的名义里面的陈海
181,说明大部分年轻人其实内心里不想躺平
182,这才是媒体应该做的事情啊
183,科学的，非想象的
184,交大警告
185,我们班全班缠着老师一起看
186,蟠 桃 大 会
187,我们都要做鲁迅！
188,众所周知，仲甫先生是个相声演员
189,我辈当自强，思想的自立，行动上的自觉，如不想当韭菜，新时代也需要觉醒！
190,我因为木鱼的解说看了整部剧
191,听完第五条我血管都要爆了
192,导演编剧用心了
193,刘皇叔又开始他的创业演讲了
194,白兰~~
195,意思就是凤凰涅槃 大破大立浴火重生
196,小鲜肉出来好好看看
197,哎，满门忠烈，真的致敬
198,当时是真不知道，迷茫彷徨
199,《体育之研究》
200,这段要是带口音那真的就完美了
201,以下要求全文背诵
202,这个院子的置景真的好看~~
203,能成大事的人就是能看得开
204,竟然这个词用得妙阿！！！！！
205,复旦的全称应该是复兴震旦
206,求木鱼做我的团长我的团
207,我以为年轻人没有喜欢团长的 看到这么多人喜欢 开心
208,我要当面亲吻他
209,这段一出来我就知道了他俩的结局
210,wc阿译狂喜
211,这个年龄有这种态度的时候，心里也知道对方的不容易，但就是不愿意理解
212,现在一直是这样的
213,我要当面亲吻他
214,这里专明做的车辙是有很深寓意的！
215,白兰演技着急
216,太配了
217,胡适虽然不是正确的，但那个年代每个人思想都不一样，谁能保证一定就是对的呢
218,你成功了，仲甫先生
219,德先生和赛先生
220,林译哥啊！！！！后来参加远征军了
221,刘皇叔你走错片场了
222,我的妈原来是和尚！！！！
223,弟弟：？？我呢……
224,亲吻他！
225,剧组幕后提过这俩麻袋都是实心的
226,每一个镜头都是细心打磨的
227,早大必须中退才能出人头地
228,看的想哭
229,这高考作文题啊
230,血压已经升起来了
231,胡适最开始不也挺好的不，晚年才变坏的a
232,于和伟老师演的真的很好
233,春来我不先开口，那个虫儿敢做声
234,阿译长官! 注意战术动作！
235,不是你是刘备
236,震旦现在还在，不过是专科了
237,“秩序不在我的范围以内”
238,心刚555
239,先驱者给我们创造了生活，我们不能失去本心和信仰
240,打人撕衣服这是真实的事件吗
241,突然感动，他做到了，而且做得超级超级好
242,懂了，这就去做童工
243,郭兴刚太少，胡适之太多
244,我外婆父亲以前就是震旦大学的教授
245,好有道理，泪目
246,皇叔又煮酒论英雄了
247,这些细节太有烟火气了
248,其实动作还好，别忘了这几个可都是有暗杀经历的
249,我们现在所了解的儒学已经不是孔子的儒学了
250,好像在背历史课本2333
251, 两位哥哥真好
252,这段象征着日军侵华，拳头才能换来道歉
253,梅花三弄
254,好喜欢他演的曹操
255,胡适之最厉害的就是不论哪一方都对他没好话
256,我要当面亲吻他！
257,张飞:？？？
258,这 选角是真秀
259,bgm是十三月！哭了
260,.33
261,我看这段还以为是要把蚂蚁丢掉，没想到……
262,他是批判里面的糟粕，不是全盘都批
263,这绝对的伟人
264,我要当面亲吻他！
265,苏报案真的是绝了，他跟慈禧在租界法庭打官司
266,孔子是圣人，后人弄出来的糟粕不代表儒学不行
267,很真实，大学生真的很容易被带走
268,好喜欢于和伟老师的仲甫先生
269,那时候很注重实用性
270,前后对比，不愧是父子
271,皇叔你穿越了
272,白沙最后就是投江自尽的
273,未经历过世事的学生真的是很容易煽动的群体
274,我的天哪，他们的眼里有光
275,守常先生太可爱啦！！！！！！
276,如果我上学的时候有这样的剧，何愁学不好语文
277,儿子在偷听也太可爱了点
278,如今的认真却成罪过
279,苏轼吧应该直呼内行
280,明主与科学
281,新文化带头人还真不是鲁迅
282,他，看见了！他，明白了！
283,《文人吵架》
284,此刻刘皇叔不是一个人在战斗！！！（doge）
285,那是苦难岁月里极致的浪漫
286,如果学生们都是麻木的反应，那才是民智未开呢。
287,齐达内直呼内行！
288,好棒啊真的，完全想象不到那充满大神的年代
289,我还以为是金星老师呢
290,选的都太好了
291,看看如今 这真的是先辈们所期望的新路吗
292,郭心刚那段太痛心了
293,易先生忧国思民，壮士！
294,好！
295,敬礼！
296,这里的延年像极了我们叛逆期的样子，只看到事情表面还未深思其由就满腔不愤
297,塞先生统治一切了
298,“我是他儿子难道我还不懂他吗”
299,当年这些人是玩暗杀的，都有几下
300,懂了，只要是胡适，支持新文化运动也是错的
301,这些个说胡适的，请先去读读历史，看把你们嘚瑟的
302,印象最深刻的两场戏
303,后妈穿的那么好 这两个人打苦工
304,理想可以以真实的形式存在！！这话真的太棒了
305,德先生当然还在，东方有新的“德先生标准”
306,“震旦”，古印度对中国的称呼
307,“震旦”，是古代印度称呼的“中国”
308,早期这些伟人的思想真的是国过于超前。一个个预言家
309,刘皇叔
310,我之前最喜欢的就是人间正道是沧桑现在他被超越了
311,他俩家里巨巨剧有钱
312,注意战术动作
313,阿译
314,2021高考作文题
315,2
316,理想可以以真实的形式存在
317,他都看见了
318,你是于和伟
319,有人记住了你的回答
320,我第一次用慢速看视频
321,原来陈老师和周树人一样啊哈哈
322,这种情况下不应该跑，哈哈哈，铁头娃
323,乔年干什么都要先看一眼哥哥，太可爱了
324,高君曼真的对延年乔年很好哇
325,皇叔说得对
326,今年高考作文是理想啊！！！
327,这才刚开始就想哭了
328,都是早期创始人
329,哈哈哈 师傅
330,弟弟的扮演者当时应该才15岁
331,当时谁又能保证自己的就是对的呢？所以才要辩论
332,跨服聊天
333,两位英雄
334,这歌子最好听的就是后半段嘛
335,这躬鞠得我心疼
336,«光荣与梦想》是一系列的，大家可以看看
337,佛曰：扫地恐伤蝼蚁命，爱惜飞蛾纱罩灯
338,作为儿子，他恨的没问题
339,虽然学生过激不是好事 但总比鲁迅先生笔下麻木冷漠的看客强 
340,“也不是啊，太阳出来就很美”——喜剧之王
341,知子莫如父嘛
342,早年自动续费珍贵影像
343,这刘皇叔的味太重了
344,胡适下半辈子白活
345,山东人震怒
346,即便国弱无外交 也当挺起腰杆为人
347,其实这个演员会十二路谭腿只是不知道为什么导演没让他用
348,我开始就觉得这个易白沙不简单啊
349,我是接着奏乐接着秀
350,学长好
351,《父慈子孝》
352,仲甫先生和蔡公他们以前玩过暗杀的
353,乔年小可爱
354,我2D天下无敌
355,德先生和赛先生
356,不破不立，说得对
357,为中华之崛起而读书
358,你这个年纪你怎么睡得着觉？
359,为中华之崛起而读书
360,徽骆驼
361,安庆人狂喜！！！！
362,永远的男神毛哥
363,对于家人来说确实过分啊
364,好家伙，张丰载说的没有问题，个人理念不同
365,鲁迅太像了跟走出来的一样
366,你闭嘴 草 呜呜呜
367,毁家纾难有古人风骨的邹
368,这部剧的演员选的太像了
369,福建人震怒!
370,未成设想的道路
371,？？我居然不知道严复？？？
372,好喜欢木鱼称呼她“君曼”啊，有种亲切的感觉，又不失尊重
373,郭心钢因为山东条约一夜白头
374,惭愧至极
375,扔的真准，不准的话就挂了
376,为中华之崛起而读书
377,思想先行
378,他将带领人民走向胜利！
379,现在又恢复文弱了，都崇拜奶油小生
380,这不能播啊
381,白沙说看不见 然后后面他真的就……
382,高考作文，哈哈哈哈
383,忠孝不能两全
384,陈家人的骄傲
385,东方红，太阳升！
386,生如螻蟻，也有壮志
387,怎么可能承认！！
388,高考作文
389,他是真秀啊
390,阿 斯 塔 特
391,麻袋扛的可都是真的
392,那是青岛，是我的家乡啊！！！
393,太对了。积重难返，必须掀翻重建！
394,天下的路是留给天下的人走的。
395,DNA动了
396,文人打架
397,代入感很起强我已经想打人了
398,思想还未启蒙
399,迅儿哥出场也是名场面
400,由此可见，多学一些兴趣爱好准没坏处
401,突然喜剧了起来
402,仲甫先生
403,因为那个年代他们能看到真实
404,陈氏一家忠烈啊
405,骂的好！更加有动力去努力进取了！
406,服务员 这么嚣张
407,白兰的妆发太出戏了
408,我看这部剧第一次哭就是这里
409,你要知道他们这样包月以后那可是暴发的
410,才十万，你看不起谁呢
411,大人物出场都是这样的
412,《国富论》就是严复翻译的
413,齐达内头顶马特拉齐
414,易白沙其实是很消极的
415,他也没错，谁也说不准未来，那个时候会独立思考的都是好青年
416,立场不同罢了
417,让历史活起来
418,和尚，团长的脸兜着呢
419,世上难得两全法
420,东方红，太阳升
421,向伟大的先驱者致敬！
422,啊啊啊！延年乔年小可爱啊！
423,为中华之崛起而读书！！
424,问苍茫大地谁主沉浮？
425,确实是做到了
426,那个年代:头上炸出一道惊雷
427,遍地哀鸿满城血，无非一念救苍生！
428,为中华之崛起而读书
429,一年级少先队的家长表示很淦
430,值得亿刷的电视剧
431,其内涵发人深省，引人深思
432,这部剧好看的！
433,这一幕让我想起刘皇叔和丞相
434,高君曼女士送来的鸡蛋汤
435,平均每集泪目两次
436,天降猛男！！！！
437,前面的，延年入狱后，胡适本来打算救延年，结果没想到去求了一个憎恨延年的叛徒，导致延年惨死
438,皇叔那一眼，啧啧啧
439,鲁迅出场那段经典
440,对对对，老喜欢这个鲁迅了
441,岂曰无衣，与子同袍
442,前方名场面
443,立flag大师
444,《订阅》
445,我快要看完了好舍不得
446,不能否定胡适的所有 学术上贡献很大
447,剧中那一段看的我心梗
448,《君主立宪》
449,血压上来了 淦
450,一定要看原剧！觉醒年代绝绝子！
451,哎哟，太可爱了
452,一语成谶
453,这个是我最喜欢的电视剧
454,这里和前面延年放蚂蚁感觉有呼应
455,别骂了别骂了，在反省了
456,别骂了别骂了，在反思了
457,为中华之崛起而读书
458,小说都不敢写这样的男主
459,我还以为真在北大拍的
460,谁不想多接受爸爸的教导呢
461,醍醐灌顶啊
462,胸口一箭，唉，一语成箴
463,鲁迅先生该动笔了
464,看完了觉醒 来看解说系列
465,只要是真正为国家好的，都值得尊敬，那时候真的是摸着石头过河。
466,天降猛男
467,天降猛男
468,堂兄是伪装成延年然后被抓走杀掉了
469,这个学生说的也不错啊，能有思想上的碰撞都是i好事
470,亚辉通讯社！？？？
471,刻画都是人工的
472,一寸山河一寸血
473,我们历史书的一页，是他们奋斗不息的一生
474,开了，但没完全开
475,前方核能
476,容斋随笔
477,过去常常姊妹嫁一人，这样就不会有后妈虐待孩子
478,致敬
479,德先生和赛先生
480,德先生和赛先生
481,后来二十一条被纳入课本也有袁的意思
482,我错了爸爸，饶了我
483,陈海你睡醒了啊
484,感觉我第一反应会是，蚂蚁有丰富的蛋白质，太好了吃掉
485,和汽车里吃面包的孩子对比极其鲜明
486,现实他们父子一直没有和解
487,双向奔赴
488,历史虚无主义必须消失
489,他的眼中全是人民
490,是的 同父异母
491,这床比我学校还好
492,他们没逃票
493,张丰载原型张厚载
494,鲁迅永远的神！
495,这一辈人太了不起了
496,新高考作文！！！
497,为中华之崛起而读书
498,阿译长官！注意战术动作！
499,本团员DNA动了
500,《新青年》
501,200大洋在当时可以买几个北京四合院了
502,连续包月哈哈哈
503,当时的人不知道哪条路是对的
504,思想启蒙真的很重要
505,我tm直接重温一遍
506,别骂了别骂了在反思了
507,识得人中龙凤
508,哈哈哈，加一的我被骂了
509,新文化运动
510,其实他说的是事实
511,激情燃烧的岁月
512,专业的布光 严谨的构图
513,陈独秀先生带来的，高君曼女士蒸的！
514,这段真的 我太喜欢了 经典
515,怪不得，老耳熟了
516,周恩来事真的帅
517,白玉兰最佳男主角于和伟，最佳导演张永新，最佳原创编剧龙平平！觉醒年代yyds！
518,前面的《容斋随笔》只有五笔
519,为中华之前崛起而读书的口号看了剧后感同身受
520,大家小家的抉择，不可能两全
521,10号了，可以交作业了
522,外形都是帅哥
523,全体起立！！！！！
524,这野心也太大了！
525,自动续费
526,我需要做笔记吗
527,他们当教授，你们当学生
528,积极团员表示已经交了~
529,别骂了别骂了哈哈哈
530,殊途同归
531,宁为玉碎不为瓦全
532,文 人 墨 客
533,自古忠孝难两全
534,霸气！
535,哈哈哈哈哈哈夺笋呐
536,张封载，每次扫黄都有你
537,up绝了，突然想去看了
538,果真再次成为考点了
539,熊孩子大战父亲
540,看得见！一定看得见！！！
541,这几句话说得真好
542,推荐《异乡人：上海的芥川龙之介》
543,外形一脉相承哈哈哈哈哈，这倒是
544,强制冲月费
545,同盟会！
546,力争主权，还我青岛拒签二十一条
547,开启国民民智的先贤，陈独秀
548,文案满分
549,这部剧每一集都看得我热泪盈眶
550,他们扛的麻袋60斤
551,他二弟天下无敌
552,吾辈当自强，与诸君共勉！
553,这姿势  哈哈哈哈
554,谢谢提醒，去交截图了
555,《民 智 大 开》
556,感觉是在暗指中国当时一片混乱没有光明 陈独秀坚定地说能
557,不用会员啊，在央视网直接可以看啊。
558,果然是秀本人啊，哈哈哈
559,为中华之崛起而读书！！！！
560,高考作文来了
561,高考作文素材库！！！
562,然而走向共和下架了
563,该骂！骂醒我！
564,给胡适踩上一万只脚
565,骂醒我，我听到了
566,梦开始的地方
567,陈经历失败，世故悲观，李青春茂盛，意气奋发
568,留法的部分安利《我们的法兰西岁月》！也是以前的献礼片，特别好看！！！
569,1921年，易白沙于绝望中投海自杀
570,其实是想称赞父亲“牛哇”
571,三哥现在都没有想明白
572,看完再来梳理，觉醒太绝了吹爆yyds，日常表白仲甫先生这个老兔子加封建大家长
573,从群众中来 暗示了很多
574,别骂了别骂了 再骂孩子傻了
575,这不是巴黎和会矛盾的内容吗
576,秀啊，见谁怼谁
577,沉江未遂，nb
578,被狗罕见气晕
579,人类早期续费月卡
580,向男神敬礼！！！
581,我不道啊
582,演植物人演的最像的
583,我看谁敢！
584,孩子们没错，他也没错
585,此时他还不理解父亲的难处
586,延年选角实在是太到位了
587,从此在这安家
588,脸上痘痘的多少太真实了
589,他来了！！又起立！！！
590,湖北人震惊
591,阁下是真的秀
592,　饿了
593,暗中策划可还行
594,他来了！
595,好家伙
596,太阳将升起，中华将崛起！
597,满分作文
598,既心疼又想笑
599,好家伙，现在还有震旦大学
600,秣马厉兵：也说厉兵秣马。喂饱战马，磨快武器，准备战斗。也泛指事前积极的准备工作
601,和尚把我的意大利炮拿来
602,我开始反思
603,别骂了我脸疼
604,守常先生啊啊啊
605,胡适间接害死乔年，但也是想救他
606,守常同志好！
607,连续包月、免密支付
608,斯米马森
609,搞笑死了。
610,高考作文题目！！！！！
611,仲甫先生
612,没事就来刷 不知道多少遍了
613,民智未开
614,只开了一点点
615,纨绔子弟！！！！！！蛀虫
616,一语成谶了
617,学生最容易被鼓动
618,现在叫 小姨子
619,哇这太重要了，思想先驱
620,今天7月4日，延年被杀害，尸体投入黄浦江
621,配乐绝了
622,别刀了别刀了
623,你再骂！
624,哈哈哈哈，俺也一样
625,齐达内附身？
626,刘皇叔
627,厉害
628,眼神好传神啊
629,45万  速度
630,弹幕不要挡着字幕求求了
631,高光时刻
632,若要爱国 则必舍家
633,开了，但没开完
634,这货就是人间之屑
635,这话很真实 这戏是真的好
636,全体起立
637,可怜一箱子
638,您是真的秀
639,都是为了追求幸福
640,昨晚看了他的百科哭了，妥妥的六边形战士
641,天哪
642,阿译长官！
643,国耻！血压上来了，坚决抵制二十一条！
644,蔡畅的哥
645,两兄弟的死不是吴稚晖造成的？其他人只是好心办了坏事吧
646,你们要看的是周树人，跟我鲁迅有什么关系
647,选角绝了
648,致敬
649,谁赢了谁就书写历史
650,反正看得我热血沸腾的
651,又心疼又想笑
652,爱国和爱政府的关系
653,居然是和尚 完全认不出
654,山东人哭了
655,惭愧啊
656,我只能说骂晚了，老了
657,文化人！
658,惭愧啊 惭愧
659,真的真的，我也在想在怀疑
660,鲁迅，狂人日记
661,我超喜欢守常先生
662,潮州人震怒
663,他一直都把人民的苦难记在心里。
664,来了!他来了!
665,文化人就是不一样
666,哈哈哈  竟然
667,群众路线啊
668,胡适早年公职
669,《新青年》
670,啊啊啊周恩来 男神!!!
671,我们的考点 他们的一生
672,高考满分文案
673,爸爸！
674,救命高考作文
675,羞愧难当
676,好家伙
677,国家为重，忠孝两难全啊
678,和尚啊！
679,苏报案
680,仲甫先生！
681,懂了，这就去做
682,食其肉，啖其皮
683,鲁智深似李
684,看到先辈伟大的理想付诸现实 给浮躁的当下改变的力量
685,连续包月
686,那个年代是正常的，胡适还出轨十几次呢真的是
687,南陈北李
688,天降的神！
689,这是不是六哥哦～这是于和伟
690,现实很骨感！
691,那会的辩论都是文化人，现在网上的喷子能上完九年义务教育就不错了
692,和我吐槽我爸简直一模一样
693,你做梦
694,中国依然需要新青年
695,180块钱，200大洋就是3万六
696,真的超级棒这部剧
697,他全都看见了，他全都记住了
698,这才是真的从人民中来啊
699,陈海躺了几年 胖了
700,民智确实未开
701,高 考 作 文
702,先生的眼睛好亮
703,心有戚戚焉
704,恰同学少年  我们的法兰西岁月。！
705,我现在就冲进去把他揍死
706,注意战术动作！！
707,胡适小儿
708,名场面
709,你个瓜娃
710,被冒犯到了
711,想的美啊！
712,乔年小可爱
713,原来是魏和尚！！
714,摄影师厉害
715,易白沙先生后来绝望投海殉国
716,兄弟二人善良，蚂蚁都不杀……
717,他做的没错，可孩子们也没错，
718,这和陈乔年喝水时放生昆虫不都一样吗
719,这个麻袋都是实打实的真麻袋，演员抗的是真的，乔年的演员当时才十五岁
720,南昌人震怒
721,无药可救，只能涅槃重生
722,哈哈哈哈说得好！！！！
723,康有为梁启超都提出过造新人
724,俺也一样
725,再次起立！！
726,他做到了
727,华夏第一男神！两颗赤星之一！
728,在每张人民币上，他都在注视着你！
729,易白沙后来也自尽了呜呜呜呜呜
730,自古忠孝难两全
731,陈独秀：毁灭吧，赶紧吧，累了
732,男神男神男神
733,这艘船成了是不是完了？
734,这个档的细节佩服！
735,看剧的时候，我就要备着花生，也好解馋
736,我们现在依旧在寻找，创造一条属于我们的特色道路
737,老·会员了
738,感谢所有工作人员！！谢谢你们！
739,这不是九转肥肠？？？
740,刚刚考完语文过来的
741,留法真心推荐《我们的法兰西岁月》，特别好哭！
742,兄弟们  给他点到100万！！
743,惭愧惭愧
744,他将改变这一切的苦难。
745,导演的和生动
746,只是拿不定主意并不是买不起我的天
747,广东人震怒
748,高考作文！！
749,已识乾坤大，犹怜草木青
750,2021高考！！！大家码住啊！！！！
751,？？？？？？？？做梦！
752,复旦的人呢
753,出口成章
754,满分作文
755,一定要看原剧
756,芳草天
757,衣服要了没要回来
758,高考作文来的～
759,小妈文学
760,这段拍得太好了
761,我真的很喜欢迅哥儿
762,醍醐灌顶
763,安庆人狂喜
764,高考作文
765,惭愧惭愧
766,延年乔年！
767,谢谢老板，老板大气！
768,芜湖~起飞
769,太难了 伟人实在是伟人
770,那时候还没探索到道路呀
771,暗讽他蝶就知道呱呱呱
772,呜呜呜 这才是真正的双向奔赴啊！你欣赏这着我，我也欣赏着你
773,简称慈父
774,接着奏乐接着舞
775,神他妈双向奔赴。。。。同人女什么都干得出来？？
776,人人都是郭心刚
777,连续包月
778,有些事你可以愤恨但是必须要理解
779,这不是鲁迅，是周树人
780,他来了！！！
781,好家伙
782,有大抱负的人
783,气死我了
784,真能生
785,我也想吃瓜
786,君子和而不同
787,高中生也很熟悉
788,守常先生！
789,小学的时候深信不疑从未怀疑过
790,没听懂怎么办
791,那个时期的大v啊
792,人是多面性的
793,但是胡适也有局限性，私生活紊乱，人无完人嘛
794,好家伙
795,詫びろ！
796,秣马厉兵：也说厉兵秣马。喂饱战马，磨快武器，准备战斗。也泛指事前积极的准备工作
797,勾罕见
798,采访中陈延年扮演者张晚意说，是把没发霉的那块给了弟弟
799,子曰无衣 与子同袍
800,确实不够
801,我的法兰西岁月，小学学校组织过看
802,全体肃立
803,惭愧！
804,青年人必追剧
805,帅爆
806,我们联合！
807,乔年和延年，和自己的父亲，终究是殊途同归，看似什么不同，结果都为国家献出了自己最后的一点光
808,我们安庆人那时也好惨
809,纨绔子弟
810,惭愧
811,至以辉煌的人
812,十三月啊
813,高考作文
814,你一元硬币有了
815,当时看的我心揪
816,上下五千年中华第一猛人出场
817,忠厚人
818,恨不得生啖你肉！
819,俺也一样
820,咳咳
821,买断制和订阅制
822,天降猛男
823,太直了哈哈哈
824,ｕｐ说的很好啊
825,你再骂
826,这镜头
827,吾辈楷模
828,胡适那白话诗写得……笑死人了
829,换位思考
830,不破不立
831,民智未开就不开么？
832,建议开通免密支付，自动续费方便一些
833,没文化，这是青年杂志，后面才叫的新青年
834,南昌人震怒
835,这还有个托hhh
836,捆绑销售
837,致敬
838,农民可能啥也不知道，饭都吃不饱呢
839,才看到15集，先收藏了
840,这让我想起了汉朝的刘邦，只不过这次与对手的关系不同
841,觉醒年代NB！
842,曹老师yyds！
843,高君曼女士蒸的
844,钞能力需要
845,乔年小可爱
846,老过秦论了
847,为为中华之崛起而读书！
848,他来了，他来了
849,啊害怕待会放下再捡啊
850,不破不立
851,啊这...
852,应该带点我们弗兰口音哈哈哈哈哈哈
853,爸爸好帅
854,犀利哥哈哈哈哈爷青回
855,一语成谶
856,很荣幸，作为陈独秀长孙陈长琦教授的学生
857,南昌人震怒
858,我为什么热泪盈眶
859,歌舞依然上画楼
860,致敬
861,妈呀演员好像
862,体育救国
863,别骂了就是我！呜呜呜呜呜呜呜
864,B站现状，以为自己什么都懂，随时都站在道德制高点，却总是忘记思考
865,给老子飞！
866,截图发群里
867,惭愧啊
868,叉！出！去！
869,全体起立！！！！！
870,犀利哥 时代的眼泪
871,洛基
872,忠孝两难全
873,为什么后面的人是虚化的…
874,这个麻袋是真的重量 不是假的
875,前面嗑烈士的怕不是有大病
876,再次起立！！！
877,阿译长官
878,说的我又想哭了
879,别骂了23333
880,mbgg！！！！
881,我和一株顶高的树并排立着 却没有靠着————沈尹默
882,一个背影就知道你是谁
883,同伙哈哈哈哈
884,帅哥你谁
885,高考作文！！！
886,师傅别骂了·
887,66魏和尚
888,起立，向毛爷致敬
889,忠孝两难全
890,我被骂的好舒服好愧疚
891,鱼（愚）
892,泪 目
893,泪 目
894,那个时代太难了
895,天下为公
896,每天运动1小时，为祖国健康工作50年！
897,犀利哥，童年的梗了
898,这句不知道我感觉很浪漫
899,这台词能力，牛
900,？？胡适怎么了
901,惭愧
902,鲁迅的出场看得我心里发麻
903,辣个男人来了！天降猛男！
904,我错了
905,高考作文！
906,金星？
907,60斤大米啊
908,La jeunesse 就是法语年轻人的意思
909,哈哈哈哈哈哈哈哈哈
910,”震“在八卦中对应东方，”旦“是日出之意，”震旦“的本意即（东方日出之地的国度），早期多见于佛经，是古印度人对于中国的称呼
911,好家伙
912,感谢导演和剧组还有演员
913,林  忆  莲
914,杀疯了！
915,迷茫
916,帅哥你谁？
917,长好像诶
918,一语成谶
919,没有办法的事，很难过
920,岂曰无衣，与子同袍
921,啊 这
922,吉林人震怒！
923,是知道还是看到，感受到
924,有被内涵到
925,理想可以成功！
926,感谢，三连了
927,这里超绝，很有隐喻
928,儿子说的也没错，但很无奈
929,别骂了别骂了
930,姨妈人很好，推荐大家看原片
931,第一任妻子并不叫高晓岚
932,立足现在，展望未来。
933,犀利哥hhhh懂的都懂
934,哈哈哈哈哈造
935,名场面
936,一语成谶
937,我的延年乔年啊
938,一开始叫青年杂志，后加改名新青年
939,为中华崛起而读书
940,胡适怎么了就，我也知道胡适黑历史，可你又怎么知道他不是真的为中国做贡献
941,老太极师傅了
942,曹操字孟德
943,娶妻当娶于凤至
944,星星之火，可以燎原
945,大帽子………
946,帅啊，丰神俊逸
947,胡适....不太配
948,好家伙
949,文案牛逼
950,阿译长官
951,懂摄影
952,一语成谶
953,你真的秀
954,此刻的他
955,团支书dna动了
956,惭愧！！！
957,帅哥你谁？
958,一语中的
959,刘皇叔
960,悄悄我的
961,那多写几张呗
962,党的初代
963,好想派个政治老师给他们，能少走多少弯路啊
964,为什么才开头我就哭了
965,马上去补
966,受教！
967,毛语言未来小鲜肉…厉害！！！
968,帅啊男神胡适
969,真的秀
970,刘皇叔仁义
971,为中华崛起而读书
972,原剧早早都看完了真的很强
973,这个镜头 太好哭了
974,我顶你个肺
975,陈独秀是皇叔于和伟
976,bgm好评
977,这剧刷新了我多年来认知的“神还原”
978,无耻
979,陈氏兄弟和赵世炎我从法兰西岁月哭到觉醒年代，至今不敢看完(┯_┯)
980,周树人真的是绝了
981,其实现代人也应该这样，开拓新思想
982,体育之研究
983,像极了现在1
984,高情商
985,长大后你就成了他，愿意为理想奋斗牺牲
986,震旦，就是“中国”的意思
987,真的 怀抱信念
988,看到了青年的力量
989,失策失策！！！
990,卧槽！
991,说得好！
992,在看龙门石窟造像下的碑刻文字，历代被贬为穷乡儿女之书，然而在这出现十分妥帖
993,当时看就觉得奇怪
994,老板大气
995,清华美院画的图
996,健壮的，而非体弱的
997,从初中就让做
998,前来打卡2021高考作文出题源头！
999,多好啊
1000,私者一时，公者千古
1001,这紧凑的剧情，舞台剧
1002,押中高考作文题了
1003,讹人呐
1004,易白沙，意难平
1005,吾辈当自强
1006,包月笑死了哈哈
1007,精准押题
1008,up，你神了
1009,帅哥你谁？？？？
1010,永远怀念二年兄弟！
1011,这段演的真的生动，看完我就决定追完了
1012,up主说的很好
1013,不用十年，中国历史就已经开天辟地了
1014,你告诉我这不是鲁迅？
1015,别骂了别骂了
1016,他不知道这位钢铁大王，是一个压榨工人的资本家
1017,这个真的好！！！！！好高兴木鱼终于讲了！
1018,别骂了，都哭了
1019,多才多艺啊
1020,小姨子？？
1021,全体注意
1022,是我直接跳出来碾死了
1023,哭了
1024,真的看哭了
1025,前面的，初中生朋友也熟悉
1026,天将降大任于斯人也
1027,天下何人不识君
1028,刘皇叔
1029,+2
1030,原来如此
1031,一个真真正正全心全意为人民服务的伟人
1032,配乐太绝了
1033,啊啊啊啊我最爱的周爷爷
1034,学到了
1035,胡适本来就是个精致的利己主义者 大可不必给他戴高帽
1036,别骂了别骂了
1037,迟早上路灯的
1038,卧槽
1039,比起毛。。我更尊敬周
1040,康有为就是
1041,南昌人震怒
1042,有国才有家
1043,我说一句，这部剧的配乐和舌尖是同一个，阿鲲，永远滴神
1044,你不要再说了
1045,我也想看、但是没钱
1046,超级好看啊
1047,牛马
1048,俺也一样
1049,他也是一种不破不立的想法吧 有点意气用事的表述
1050,惭愧
1051,现在平均一幅在500万左右.
1052,狂啊
1053,子美是杜甫的字
1054,还有点赞
1055,啊啊啊啊周爷爷好！
1056,守常先生！
1057,DNA震动了！
1058,一语成谶
1059,延年乔年啊呜呜呜
1060,全体起立
1061,那个年代没有人是容易的
1062,名场面
1063,现在可不只两百咯
1064,靠？！！
1065,花生的戏份好多
1066,安徽的骄傲！
1067,别骂了别骂了
1068,辛苦啦，木鱼
1069,选角简直完美！！！不仅形似，更是神似，每个演员身上的文化底蕴赋予了每个角色的重量
1070,确实，真的很不错
1071,云的上面，是太阳
1072,高君曼女士
1073,招核男儿
1074,这个出场太帅了
1075,一下子就知道是儿子啦哈哈哈哈哈哈哈知子莫若父
1076,企业家
1077,别骂了别骂了
1078,惭愧
1079,前面越可爱，后面越好哭
1080,桃园结义
1081,一语成谶
1082,这一幕无敌啊
1083,完全一致
1084,俺也一样
1085,全体再次起立
1086,好秀
1087,这是鲁肃吗
1088,五十万冲冲冲
1089,what
1090,好耶！
1091,大胆
1092,啊啊啊啊真是好剧我强烈安利
1093,唉。刚刚浪费了食物
1094,我的心好痛啊
1095,呸！想得美！
1096,哈哈哈哈哈 怕了
1097,我的妈泪目
1098,安庆人表示没听说过哈哈哈
1099,哇天
1100,时代造就英雄
1101,仲甫先生
1102,工具人
1103,君子和而不同
1104,DNA动了
1105,别骂了别骂了
1106,初中生狂喜
1107,勇士终成龙
1108,兄友弟恭
1109,我是唯一的光
1110,皇叔
1111,哈哈哈哈哈 办月卡
1112,通透啊
1113,今年作文！
1114,确实
1115,李易峰 无廉耻啊
1116,火箭头锤
1117,救国先救思想，致敬
1118,还原历史，好评
1119,孝死我了
1120,男神！！！！！！！！
1121,连用的好
1122,哈哈哈哈哈哈v
1123,哈哈哈哈
1124,在这嘲笑历史人物也是有本事
1125,他来了他来了
1126,帅哥你谁
1127,主要还是思想
1128,打自己人重拳出击
1129,全体起立！！！
1130,一语成籤啊
1131,hp DNA动了
1132,这简直是太像了啊
1133,新青年
1134,新青年！
1135,好家伙
1136,杀疯了
1137,最经典镜头，没有之一
1138,注意这个花生
1139,可熟了哈哈哈
1140,2021年了还有，上海北京那两辆公交车上的老逼登
1141,动机不同
1142,好家伙
1143,陈独秀第三任妻子忠贞不渝，也拥有很悲惨的过往，陪伴了独秀晚年。可以说三个女人陪伴了陈独秀不一样的时期
1144,和尚能文能武
1145,一语成谶
1146,核心就是打到孔家庙救出孔夫子
1147,讲得好，讲得太好了！！！
1148,全体起立！致敬！
1149,大鸾你来了
1150,迅哥演员本人是不像的！扮相和演技太像了！
1151,拍的时候乔年演员才14岁
1152,卧槽
1153,DNA动了
1154,俺也一样
1155,再次起立！
1156,致敬
1157,我已经热泪盈眶了
1158,弹幕大家都好会写
1159,啊天呐
1160,太阳照常升起
1161,人民万岁
1162,赔
1163,格局真大
1164,变化好大
1165,新青年！
1166,初中生也很熟悉
1167,细节啊
1168,两位英雄!!
1169,一语成谶
1170,哈哈哈哈哈哈哈
1171,少年英雄
1172,虽千人，吾往矣！
1173,我还有卡内基的书
1174,哈哈哈哈
1175,财力哈哈哈
1176,延年乔年啊 想哭
1177,稳赚不赔
1178,俺也一样
1179,真的牛哔
1180,太对味了吧!
1181,陈海，不搞反贪了？
1182,牛啊
1183,靓仔
1184,天下谁人不识君
1185,怎么不能说不能播，这就是当年的道路
1186,欺我同胞
1187,鲁迅超级绝
1188,四胎了嗷
1189,哎哟哎哟哎哟哟哟
1190,一语成谶
1191,一语成谶
1192,既得利益者本人
1193,啊哈哈哈牛哇
1194,惟楚有材啊
1195,简直了
1196,这可是个狼人啊，手段很恶劣的
1197,我永远的偶像！！！
1198,潮州震怒
1199,我也来看了 木鱼辛苦了！
1200,梦开始的地方
1201,内个时候选择什么路 真的太难了 
1202,突然想到我们现在是百年未有之大变局
1203,好助攻
1204,胡适人品不行，但是间接害死陈延年这段历史有争议的不一定是事实
1205,天亮了就好了。
1206,真 天选之人
1207,高考题
1208,你骂人
1209,忠孝不能两全
1210,这话一出来，想哭
1211,为什么不可以提，我知道你看了很多胡适黑历史 那你为什么就不能多想想呢？
1212,198...198....洋哥赞过，三连
1213,别骂了别骂了
1214,已识乾坤大，犹怜草木青”
1215,为中华之崛起而读书
1216,包月服务
1217,礼义廉
1218,那我走?
1219,会员年卡，不能退的那种
1220,哈哈哈哈
1221,起来了 起来了
1222,正常
1223,因为现在的人都没这概念
1224,处处是考点啊
1225,长子和二子太悲壮了
1226,别骂了呜呜呜
1227,天，这不是血色湘西的男主吗？
1228,摄影师牛逼
1229,这些镜头拍的太好了
1230,全体起立
1231,神他嘛卡内鸡
1232,就就是格局吗
1233,预言家刀了
1234,超级大佬
1235,全体起立!
1236,全体起立！
1237,全体起立！
1238,道歉！！！
1239,镜头语言太美了 凄美感但又有朝气
1240,说的对
1241,光看影评就想哭了
1242,好家伙
1243,你跟我说这不是鲁迅！
1244,都说了当时是积重难返了，和现在能一样？脑子呢
1245,不知道是真难
1246,这时候我还以为弟弟要拉稀呢
1247,大胆哈哈
1248,缅怀先辈
1249,保护
1250,没关系早睡大街了还没关系
1251,感恩先辈
1252,一口气看完
1253,啊啊啊啊啊啊啊啊啊啊啊厉害了
1254,破防了！
1255,少用秽土转生来骗我
1256,桃园结义
1257,今年高考
1258,安庆的没听过0.0
1259,天下谁人不识君
1260,呜呜呜一直哭
1261,DNA动了
1262,易白沙先生也是壮士！
1263,up主说的很妙，第一个站出来批判儒学糟粕的人，而不是全面否认
1264,天降锰男与中国，
1265,这三个日后好像也没有讨要
1266,说的好！
1267,皇叔舞一个
1268,有理想青年人
1269,今天高考考了！
1270,今朝秣马坚如铁，明日功成朝天阙
1271,还好不是我
1272,一语成谶
1273,这里有一段陈先生和夫人亲吻的戏，很美，但是某种原因被删掉了
1274,延年太刚了
1275,高考作文来啦
1276,好家伙
1277,喔豁
1278,你再骂！
1279,乔年小可爱
1280,爱国就是爱自己的人民
1281,鲁智深?
1282,身不由己
1283,我靠
1284,延年把乔年教的真的很好
1285,高考作文
1286,那确实
1287,高考语文作文呐
1288,天啊直接泪目
1289,这个镜头真好
1290,延年乔年！！！
1291,2021年广东高考作文题
1292,新青年
1293,今年高考！！！
1294,好温柔啊
1295,草啊！
1296,一语成谶
1297,哈哈好可爱
1298,现在的社会需要一场新的新文化运动！
1299,笑死了b站自动续费
1300,安徽？！老乡啊！敬礼！
1301,后怕hhh
1302,老鲁迅了
1303,我的延年
1304,裤腰带断了，一是反映衣服破旧，兄弟二人劳累辛苦；二是两人食不果腹，肚子饿得裤腰带都松了
1305,延年真的好帅啊
1306,battle
1307,上海理工大学来了
1308,2333333
1309,我泱泱大国？？？？？
1310,一语成谶
1311,张疯子
1312,无声胜有声
1313,普通话太标准了，没那味
1314,国贼！
1315,天降猛男
1316,他来了，他来了
1317,新青年
1318,初中生也很熟悉
1319,QQ会员
1320,自新大陆
1321,200大洋的月卡，不错，买它
1322,延年乔年！
1323,？？？？？？？？？？？
1324,新青年！
1325,全体起立
1326,秣马厉兵是什么意思
1327,本质上不过是既得利益者与不满利益分配者的斗争
1328,23333
1329,别拆了。留下来。
1330,看哭了 真的
1331,高中生狂喜
1332,海的那边，是敌人
1333,47W了
1334,这是皇叔？
1335,别骂了别骂了
1336,郭奉孝在，不使孤至此。
1337,自动包月
1338,帅哥你谁
1339,哭了
1340,痛心
1341,讲的太好了
1342,666啊
1343,这一段在看电视剧的时候看得我心难受我我我
1344,致敬
1345,？？？？？？
1346,好可爱乔年
1347,呜呜呜呜我太好哭了
1348,鲁迅yyds 绍兴人的骄傲
1349,李鸿章先生好乖
1350,强烈推荐啊
1351,天降猛人
1352,乔年太可爱了
1353,先生辛苦了！
1354,天
1355,外争国权，内惩国贼
1356,接着奏乐
1357,哭了
1358,到现在都民智未开
1359,看见这里爱了爱了
1360,在2021年的中国说思想启蒙不怕被封贴删号吗
1361,全体起立！
1362,别骂了别骂了
1363,枪杆子
1364,那是的
1365,陈海局长
1366,呜呜呜延年乔年！
1367,没问题
1368,瞧不起谁？三连走起！
1369,忠？忠于谁？
1370,哭死我了
1371,确实
1372,格局大了
1373,怀宁人冒泡
1374,这个时候风花雪月得有多冷血
1375,啊啊啊啊啊好可爱
1376,看哭了
1377,天降猛男
1378,连续包月
1379,善心可救蝼蚁，不可救豺狼
1380,生命很美
1381,全体起立！
1382,渣男胡适
1383,俺也一样
1384,还有这种好事？
1385,哇，原来如此
1386,我可以吹爆觉醒年代
1387,就是未开
1388,国人如溺水蚂蚁
1389,为中华之崛起而读书
1390,陈先生！！
1391,yue
1392,文科生DNA动了
1393,这是演刘备的吧
1394,全体起立！！！
1395,啊这
1396,哎
1397,一味的贬低胡适只能说明你历史价值观太非黑即白，而且这个评价一定是从别人嘴巴里听来的
1398,自动续费
1399,买季卡2333
1400,医学科普花生
1401,高中生也…
1402,看得见
1403,哇 瞬间
1404,别骂了别骂了
1405,说的好太爽啦
1406,看哭了
1407,帅哥你谁？
1408,别骂了别骂了
1409,上理
1410,新青年
1411,High level
1412,走你！
1413,全体起立！
1414,生为蝼蚁，安有
1415,体育之效
1416,看得见 
1417,史诗级别！
1418,造化钟神秀
1419,我靠，CMU
1420,新青年
1421,致敬！
1422,俺也一样
1423,我们就是新人
1424,我觉得姨妈真的好好。。。
1425,格局
1426,别骂了别骂了
1427,hso
1428,皇叔
1429,豹王 冰冰
1430,新青年
1431,俺也一样
1432,谁赢他们帮谁
1433,启用年轻演员好评，富有朝气
1434,扮猪吃虎
1435,哈哈哈
1436,男神
1437,他做到了
1438,人才辈出啊
1439,道歉！！！
1440,哈哈哈哈哈
1441,文化人
1442,？？？？
1443,救天下啊
1444,1
1445,安徽
1446,礼义廉，无耻
1447,哈哈哈哈哈哈哈哈哈哈或
1448,哈哈哈哈哈哈哈哈跳过
1449,全体起立
1450,就离谱
1451,？？？？？？
1452,前面磕cp的给我放尊重点
1453,全体起立
1454,别骂了别骂了
1455,皇叔
1456,天下谁人不识君
1457,爱国就是热爱全体人民，弹幕里拱火的张丰载可真多啊
1458,你爸爸为了中国的伟大事业不畏生死
1459,新青年
1460,一语成谶
1461,帅哥你谁
1462,嘿嘿嘿好可爱
1463,11
1464,帅的很到位
1465,没办法
1466,别骂了别骂了
1467,陈家满门忠烈
1468,喜欢鲁迅
1469,我的男神！！！
1470,他来了！！！！
1471,高考前只看了片段。
1472,哈哈，犀利哥还是那么红
1473,太熟悉了
1474,你看到哪里了
1475,升华了
1476,别骂了别骂了
1477,礼义廉，无耻；智体美，缺德
1478,皇叔
1479,皇叔是你吗？
1480,刘皇叔
1481,南开大学 梦的学院
1482,鲁迅yyds
1483,阿译
1484,鸡皮疙瘩起来了
1485,鲁迅太像了
1486,原剧在哪看？
1487,在那个年代，真棒
1488,真实的重量
1489,好！
1490,现在也是共和制啊。。。
1491,说得太好了
1492,好家伙
1493,团课
1494,陈海
1495,哈哈哈哈哈哈哈哈哈
1496,新青年
1497,好家伙
1498,俺也一样
1499,天降猛男
1500,别骂了别骂了
1501,说得好！
1502,我就不能享受享受嘛？
1503,落后就要挨打
1504,泪目
1505,帅哥 男神
1506,朝闻道
1507,杨度只能说是强国路线不同，思想并不腐朽
1508,忠孝不可两全啊
1509,40分钟……哇
1510,啊被发现了
1511,人家剧组幕后都说了是真的麻袋，几十斤，为了追求真实感，怎么还有人杠？？
1512,饭圈，饭圈，这俩是私生饭
1513,泽润东方
1514,全体起立
1515,少年英雄
1516,仲甫先生
1517,别骂了别骂了
1518,要我我也生气
1519,惭愧
1520,原来如此
1521,这女的 特种兵的那个吧
1522,天降猛男
1523,那倒确实
1524,数风流人物，还看今朝
1525,全体起立！！！！！
1526,fgnb
1527,别骂了别骂了
1528,哈哈哈哈哈哈
1529,丞相啊
1530,高考作文
1531,哥管严
1532,全体起立
1533,刘皇叔
1534,别骂了别骂了别骂了。
1535,基纽
1536,好!
1537,让人民都看得懂
1538,延年乔年555
1539,什么叫惊喜
1540,哈哈哈哈哈哈都认识
1541,草
1542,周周都刷
1543,多损啊==
1544,安庆有这菜？
1545,陈先生后来是天真，他不恨吗？他两个儿子刚刚被害了！
1546,预言家刀了
1547,41LE
1548,这怎么就
1549,俺也一样
1550,全体起立！！！！
1551,看得见
1552,为啥你要点赞
1553,现在一大半都是张丰载吧，
1554,？有被内涵到
1555,全体起立!
1556,格局和见识小了
1557,好喜欢小乔年，好像有个这样可爱的大儿子
1558,乔年好可爱
1559,隐晦
1560,吹爆这部剧
1561,别骂了
1562,南开！南开！！
1563,老预言家了
1564,奔波一辈子就不能享受享受？！
1565,万古碑，似你
1566,永不屈服
1567,年费舰长。。
1568,正在做小笔记
1569,自动续费功能上线啦
1570,说的好！
1571,这是真抗
1572,细致
1573,他来了他来了
1574,我giao
1575,真成了考点了
1576,连续包月
1577,致敬先辈！
1578,鲁迅的出场为后面的狂人日记埋下了伏笔
1579,鲜明的对比
1580,40.8了！
1581,歆璐ttl
1582,看一遍不行看十遍
1583,来了来了
1584,包养啊
1585,这也太像了
1586,光荣与梦想
1587,全体起立！！！！！
1588,这部剧，很棒！
1589,别骂了~~
1590,为中华之崛起而读书
1591,今天基金3599
1592,两兄弟！
1593,？？？？
1594,红红火火恍恍惚惚
1595,出题了出题了!
1596,？？？？？？？？？
1597,我也喜欢迅哥儿
1598,太难过了真的
1599,和尚活了！
1600,别骂了别骂了
1601,啊被骂了
1602,看得见
1603,延年把q
1604,真的是高考考点
1605,高考作文yyds
1606,俺也一样
1607,呱！
1608,全体起立！！
1609,高考题目出来前来观看
1610,戴尔卡耐基
1611,呸！想得美
1612,道歉！！！！
1613,想揍他恰恰说明演员演的好哈哈哈哈哈哈
1614,格局啊
1615,帅哥你谁
1616,好辛苦啊
1617,？？。
1618,全体起立
1619,新青年的标准：一、自主的，而非奴隶的；二、进步的，而非保守的；三、进取的，而非退隐的；四、世界的，而非锁国的；五、实利的，而非虚文的；六、科学的，而非想象的；七、健壮的，而非体弱的。​
1620,这里说的陈独秀的父和母是嗣父嗣母，陈后来一辈子也没承认过这个父亲
1621,哥哥is watching you
1622,也不是格局小，年龄阅历还没到
1623,我在干嘛，我在寻找路啊
1624,其实这里也是在缓解气氛吧，内心还是难受的
1625,杜甫：感谢老铁的蝈蝈
1626,白话文就是让原来属于知识分子的思想辩论变为人人都可参与的工具
1627,这部剧最好的一点就是，镜头语言牛批
1628,“外面黑漆马虎的，什么也看不见”
1629,心有中华黎民众，不忍蝼蚁命丧泉
1630,没bug啊，这是去中国的船，船员和船上的人会中日双语好
1631,书生从雨中走过，看到世间对立的浮华与苦难
1632,他自风雨中来，阅尽苍生疾苦；他脚踏污浊，要将清风带给人民
1633,本来就是一个探索的过程，没有人有上帝视角。
1634,++
1635,+
1636,铁牛顶
1637,天降猛男
1638,哈哈哈
1639,那个时代的先辈们哪个不是满门忠烈
1640,哭？
1641,全体起立
1642,毫无意义的刚 只能说你过于鲁莽 而不是勇敢反而会走向极端
1643,冰冰
1644,本来就是一个探索的过程，没有人有上帝视角哦~~~
1645,杰哥？
1646,全体起立！！！
1647,斯诺在那里干服务员
1648,别骂了
1649,请收下我的膝盖
1650,张疯崽
1651,全体起立
1652,俺也一样
1653,全体起立
1654,为中华之崛起而读书
1655,XSWL
1656,借荆州
1657,礼仪廉
1658,newtype
1659,和尚
1660,现在还有震旦大学
1661,他来了！
1662,的确如此
1663,为什么弹幕还能被人物挡住
1664,弹幕
1665,必须三连
1666,哈哈哈哈哈
1667,致敬
1668,卖拐
1669,太好了
1670,说的太好了
1671,再次起立
1672,坦诚
1673,想看王冠
1674,哈哈哈哈哈哈哈
1675,好像啊
1676,讲的好啊
1677,和尚牛的
1678,不知道
1679,作家按字给酬劳的
1680,南陈北李
1681,好耶！！！
1682,刘皇叔
1683,订阅
1684,新青年
1685,全体起立
1686,别骂了
1687,致敬
1688,守常
1689,我的延年乔年啊
1690,天选之子
1691,男神！！！！！！！
1692,哈哈哈哈
1693,现在的牌坊精真的烦
1694,真的是挺像
1695, 全体起立
1696,中国有一条路交叫乔延路
1697,钞能力
1698,全体起立！
1699,全体起立
1700,俺也一样
1701,我全知道。
1702,这是周乙？
1703,看得见
1704,白话文
1705,哎
1706,别吃花生  接着奏乐接着舞
1707,3000年，那得算到战国初期
1708,看得见
1709,真的泪目！
1710,致敬！
1711,天降猛男
1712,又天降伟人了！
1713,怀宁人报道，独秀小学，独秀初中！！
1714,想屁吃！
1715,保护
1716,乱世出英雄是真的
1717,别骂了
1718,我悟了
1719,他来了！
1720,说得好像是俺
1721,牺牲的太早了
1722,躬匠精神
1723,我在找
1724,全体起立
1725,大秦帝国里头 嬴渠梁对于变革也跟商鞅讨论过类似的问题
1726,我觉得这段不好
1727,南昌受不了
1728,绝了！！！
1729,岂曰无衣
1730,多骂点
1731,泪目
1732,生于蝼蚁当有鸿鹄之志
1733,犀利哥哈哈
1734,哈哈哈哈
1735,来了来了
1736,燃起了
1737,这不是皇叔嘛
1738,？？？？
1739,新青年
1740,天赐之人
1741,冰冰
1742,好活儿
1743,潮汕人震怒
1744,别骂了
1745,别骂了
1746,45w了
1747,泪目
1748,双厨狂喜
1749,前人铺路
1750,确实
1751,别骂了
1752,牛逼
1753,真.男神！
1754,震旦是太阳无边土地辽阔带有赞美意思，是源于古印度人称呼古中国的用词
1755,天降猛男
1756,傲娇怪
1757,秀
1758,？？？？
1759,致敬
1760,别骂啦别骂啦
1761,乔年
1762,去法国 能有个好
1763,你有币了
1764,全体起立！
1765,天降猛男
1766,尼玛
1767,黑鹰
1768,郭奉孝
1769,我要哭了。
1770,自古忠孝两难全，国已危在旦夕，舍家也是不得已，国若太平，谁会舍得
1771,哈哈哈
1772,认识
1773,敬礼！
1774,前面的，舌尖上的中国的配乐也是他做的
1775,齐达内？
1776,想屁吃
1777,来了来了
1778,不要讲脏话哦
1779,热情总比麻木好
1780,CMUer！！！
1781,看得见
1782,别骂了
1783,???想的挺美
1784,刘皇叔
1785,游泳健身
1786,一语成谶
1787,那个男人他来了！
1788,伟人也是人
1789,？？？
1790,全体起立！
1791,别骂了
1792,注意注意这里是伏笔！！
1793,现在卖更值钱
1794,我不知道，我啥也不知道doge
1795,不要拿现在的道德标准评判那个时代的人好吧
1796,他来了！
1797,全体起立！
1798,刘皇叔
1799,别骂了别骂了
1800,别骂了
1801,wk自由了
1802,怕了
1803,稳定收入
1804,别骂了别骂了
1805,水太凉
1806,哈哈哈哈哈
1807,鲁子哥来了
1808,我的延年啊
1809,新青年
1810,年轻演员
1811,鲁迅yyds
1812,胡适没回国之前很刚，回国之后就开始越来越怂了
1813,天神降临！！！
1814,全体起立
1815,看得远啊
1816,23333333
1817,后面哭死
1818,和尚！
1819,这不阿译吗？
1820,新青年
1821,男神
1822,这部剧配乐是阿鲲，用了很多华胥引的音乐，当然华胥引的音乐也是他作曲
1823,好漂亮
1824,说的好
1825,全体起立
1826,新青年
1827,泪目
1828,tyfty
1829,阿译长官
1830,男神啊啊啊啊啊啊啊
1831,头号猛男
1832,DNA动了
1833,泪目
1834,我币没了
1835,哈哈哈哈哈哈哈哈哈哈哈哈哈
1836,考题get
1837,真实
1838,会做生意
1839,死光头鬼
1840,八嘎
1841,部分部分，弹幕真片面
1842,好可爱
1843,四十二万了
1844,？？？？
1845,别骂了
1846,易英雄，晚安
1847,别骂了
1848,说的好！
1849,托？？
1850,包月不打折？
1851,全体起立
1852,太精彩了
1853,难道不是？
1854,男神男神
1855,Ohhhhhhhhhhhhhhhh!!
1856,所有的问题都要有答案吗？一定要给陈独秀找一个各方面无懈可击的理由吗？无关对错
1857,书生造反
1858,别骂了
1859,慈善？福报也是慈善，不要被资本家欺骗！
1860,俺也一样
1861,哈哈哈哈
1862,全体起立！！！！
1863,别骂了
1864,我的延年乔年啊
1865,和尚牛逼！！！
1866,第一次投币
1867,好可爱啊
1868,别骂了
1869,曹孟德
1870,新青年
1871,一生！！！
1872,救命
1873,泪目
1874,天降猛男
1875,？？？
1876,是的！！
1877,学到了
1878,再次起立
1879,思想
1880,全体起立！
1881,这个怎么下载啊
1882,上海理工大学报道
1883,终于被吐口水了
1884,别尬黑，两只蝴蝶也是代表作了doge
1885,看得见！
1886,全体起立
1887,安庆人报道
1888,别骂了别骂了
1889,想亡我中华，绝无可能！我中华民族从来不缺英勇抗争的人
1890,哈哈哈
1891,道歉？这个我在行。
1892,哇鸡皮疙瘩
1893,一想起郭心刚，就很难受，真的难受，想起他死去的画面，眼泪就止不住
1894,高晓兰的图片错了
1895,是真的好看
1896,别拿现代的目光去看待过去吧。
1897,别骂了别骂了
1898,意林读者
1899,全体起立
1900,哈哈哈
1901,up主太棒啦！！
1902,全体起立
1903,’、
1904,别骂了
1905,哈哈哈哈哈哈
1906,真的很好看
1907,他来了！
1908,起飞
1909,不敢评价
1910,周树人yyds
1911,延年乔年！
1912,这个国耻日设定得好
1913,牛
1914,看剧的时候真的好想扇张丰载...
1915,好爱这部剧
1916,太好看了，看完来评
1917,自古忠孝难两全
1918,万师傅
1919,男神！
1920,敏感
1921,秀哥儿
1922,哈哈哈哈
1923,青年杂志
1924,泪目了
1925,谢谢
1926,太太太太好看了
1927,？？？？？？？
1928,2021高考时代前来观看
1929,你再骂
1930,我想他啊，我等他回来
1931,我们都想他
1932,人民万岁
1933,杀疯了
1934,十里长街
1935,致敬英雄
1936,真就是2021年高考考点
1937,2021高考作文出了时候来的
1938,呐喊
1939,看啥呢？改造的就是你
1940,秀哥
1941,立三路线...
1942,过分了
1943,全体起立！
1944,不能说是非常相像，只能说一毛一样
1945,舍小家为大家
1946,帅拉了
1947,对不起
1948,致敬
1949,想得美
1950,厉害啊
1951,这
1952,出轨是假的？
1953,插标卖首啊
1954,看得见
1955,哭
1956,泪目
1957,抱歉 我看成一群人在发 我DAN（蛋）动了
1958,还有托
1959,张疯崽
1960,对！！！
1961,妙啊
1962,骂的好，？我们改
1963,这蚂蚁演技比小鲜肉强
1964,迅哥yyds
1965,阜阳人表示没吃过
1966,男神我爱你
1967,先投再看
1968,绝了
1969,新青年
1970,无语
1971,油头粉面，人模狗样
1972,小姨子最好
1973,冯组长
1974,全体起立
1975,发现原来新青年下面是法语！
1976,胡适其实一言难尽....
1977,呵呵
1978,我们都没有立场站在未来批判过去，无论是人还是事
1979,工业
1980,呜呜呜呜呜呜这两兄弟真的太伟大了
1981,全体起立
1982,插标卖首，待价而沽
1983,五千年第一人来了
1984,看得见
1985,鲁迅中学毕业的绍兴人 家住鲁迅故里
1986,别骂了 别骂了
1987,全体起立
1988,fgnb
1989,和尚！
1990,这电视剧这么真实的吗，好评了
1991,这种剧就应该多拍几部
1992,闭嘴ssz
1993,闭嘴ssz
1994,新青年
1995,守常先生 ，94年了
1996,是啊
1997,孩子想的没错，陈独秀也没错，错的是时代啊
1998,哎
1999,看泪目了
2000,中国即是变局
2001,恕我直言，这是我追的第一部剧！！
2002,超前播放…
2003,哈哈哈哈哈哈
2004,哎 还是有误会 不应该
2005,山川异域 不共戴天
2006,太有质感了
2007,一复制发达了现在估计能卖几亿
2008,全体起立
2009,现在人生攻击
2010,真损
2011,师爷
2012,全体起立！
2013,hhhhhhh
2014,秀
2015,有一说一 确实
2016,包月
2017,包月会员
2018,新青年
2019,都是男神
2020,@曼联
2021,全体起立
2022,前方高能
2023,帅哥！！！！！
2024,骂得好骂得对！
2025,啊，男神
2026,你币没了
2027,这会不拿，肯定被人拿走了。这时候这么穷
2028,全体起立
2029,还不到30岁就牺牲了哎
2030,看得见
2031,哈哈哈
2032,雷军
2033,aoe
2034,看得见
2035,致敬
2036,高能预警
2037,破而后立
2038,是的
2039,真想灭了小鬼子
2040,啊，起来了
2041,别骂了
2042,好
2043,君臣  父子 夫妻 确实是糟粕
2044,刘皇叔
2045,泪目
2046,粉墨登场
2047,全体起立
2048,山川异域，不共戴天
2049,这是旧社会 别用现在道德思想考论它啊
2050,真像啊
2051,牛啊
2052,你们这么容易被拱火是不行的
2053,牧之
2054,太暴力了
2055,fgnb
2056,有志气
2057,电影的质感
2058,yyds
2059,fgnb
2060,你骂谁？
2061,全体起立
2062,演技太牛了
2063,别骂了
2064,全体起立
2065,帅哥你谁
2066,旅长？
2067,秀
2068,天神降临
2069,李大钉
2070,对不起
2071,别骂了
2072,b站现状，一群小鬼总是觉得自己站在道德制高点，说话基本不经过脑子
2073,又要吃饭又要看弹幕还要看视频 根本来不及
2074,别骂了别骂了
2075,再用少数人代表多数人？
2076,张丰载才是真正的小人
2077,不，我们现在只会yygq
2078,800t。。。。。
2079,立场的结果就是，直接举报……
2080,不打不相识
2081,有些杠精就是如此
2082,天啊
2083,真特么气氛
2084,演技爆表
2085,哈哈哈
2086,其实我姥姥奶奶家也是这样没馍。
2087,大刀向鬼子们的头上砍去
2088,感动
2089,不容易
2090,致敬
2091,哈哈哈哈哈哈哈哈哈
2092,马上考
2093,高考作文呀
2094,开始哭了
2095,？？？？
2096,？？？
2097,男神来了
2098,男神！！！
2099,好帅
2100,像啊
2101,全体起立
2102,感动
2103,你直接开口让我们改姓算了
2104,全体起立！
2105,没错
2106,我辈当自强，思想的自立，行动上的自觉，如不想当韭菜，新时代也需要觉醒！
2107,日本人那时候什么都干的出来
2108,扫地恐伤蝼蚁命，爱惜飞蛾纱罩灯，与其说是佛家的慈悲，不如说是对生命的敬畏！
2109,李亦联，字五尺
2110,草
2111,敬礼！！！
2112,泪目
2113,呜呜呜别骂了，
2114,张丰载就不是个东西
2115,对什么对！
2116,老先生！！
2117,冲鸭！！！
2118,43万了
2119,旧思想是敌人
2120,刘备是你吗？
2121,骂得好
2122,说的好，确实
2123,伟大领袖
2124,虎狗
2125,青年杂志
2126,你们委屈，但是没有价值。
2127,延年乔年
2128,哈哈哈哈
2129,记住，他们只是推广白话文，不是否认传统文化，不要因噎废食
2130,真的好看
2131,礼义廉  无耻
2132,致敬！！！！
2133,高考考文言文是为了让你不忘记历史，不忘记自己文化精华，不是为了让你读糟粕
2134,可恶别骂了
2135,求bgm
2136,能不能不提别的剧，不玩梗
2137,是时代在吃人
2138,人傻钱多
2139,fgnb
2140,天呐
2141,男神！！！！！
2142,爱国和爱政府两个概念
2143,哎
2144,现在每个人都只想表达观点，拒绝沟通交流
2145,和尚
2146,牛
2147,把这些日本鬼子扔进海里喂鱼去！
2148,fgnb
2149,来了
2150,太像啦
2151,张鼎张子美
2152,全体起立
2153,全体起立
2154,尤字近似犬，艺术是骂他是狗
2155,全体起立
2156,泪目
2157,丧权辱国！
2158,美国人来了
2159,太燃了吧
2160,传统异能啦
2161,人民万岁
2162,全体起立
2163,哈哈哈
2164,潮州人想骂人
2165,啊，好难过，陈也是难过的吧，又难过又欣慰
2166,只是拿不定
2167,太有钱了吧
2168,别骂了
2169,为了国，我愿意放弃家
2170,阿译。
2171,？？？？？
2172,稳
2173,奉孝！
2174,全体起立
2175,解说声音还是语速，总觉得怪怪的
2176,章士钊可惜了
2177,骂得好
2178,肝
2179,哈哈哈哈
2180,哈哈哈哈
2181,别骂了
2182,fgnb是啥
2183,滚滚滚恶心
2184,李佳航？
2185,新青年
2186,？？？
2187,觉醒年代yyds
2188,哈哈哈哈哈哈嗝
2189,没死
2190,牛逼
2191,陈海
2192,全体起立
2193,别骂了
2194,来了！！！
2195,哭了
2196,3+
2197,包月会员
2198,全体起立。
2199,w
2200,真的有一群人是可以用一生来追求真理的
2201,双簧
2202,说得好
2203,我哭裂开了
2204,唉
2205,nb！
2206,安徽人表示有这个？？？
2207,hhhhhh
2208,不差钱
2209,捆绑
2210,吹胡适的，先了解低调俱乐部再来装x
2211,鞠躬然后自尽吧，日本传统
2212,朱门酒肉臭路有冻死骨
2213,《普通》
2214,高考还愿来了
2215,我检讨
2216,理想
2217,真2021高考考点
2218,确实还是孩子气
2219,做到了
2220,神仙的年代
2221,这不是刘备的台词？
2222,全体起立
2223,包月
2224,起立起立！！！
2225,安徽马鞍山前来报道！！
2226,八极吧。
2227,高考作文！
2228,泪目
2229,家国不能两全
2230,敬礼！！！
2231,男神！！！
2232,我等他回来
2233,泪目啊
2234,君曼女士
2235,哇哦
2236,购买dlc
2237,翻天覆地的其实也就能读书看报的一群人不
2238,哈哈哈哈哈
2239,犀利哥好早啦
2240,觉醒年代（）
2241,ohhhhhhhhh
2242,应该说湖南方言啊。。。
2243,全体起立！
2244,追求数据并不可耻 因为我们生活在这个年代
2245,躬匠精神
2246,应该是理想可以大声说出来，可以被讨论，可以不被嘲笑吧
2247,说得好
2248,安徽人表示第一次听到这个菜名
2249,？？？
2250,哭？
2251,伟人来了
2252,帅哥你谁？
2253,秣兵历马
2254,dlc啊
2255,感动
2256,这位电视剧的导演锁导演的军师联盟也很不错！
2257,别骂了别骂了是我自己呜呜呜呜呜呜呜
2258,全体注意
2259,如果在那个年代的话我可能也会认同他，不符合国情的
2260,这个乞丐太秀了
2261,曹贼，纳命来~
2262,偶像偶像偶像
2263,碎，吐，万
2264,致敬
2265,现在可能看起来有XX，当在当时是合适的
2266,没空全看一遍，还是来看木鱼的吧
2267,好
2268,能打豆豆炒股也是因为他们曾经来过啊
2269,成千上万的人的一生，能为我们密密麻麻的考点。
2270,那位
2271,呵呵
2272,不要以上帝视角观看历史
2273,没有实力，签与不签能有多大区别
2274,想哭
2275,格局
2276,这一段不知道为啥看的有点尬
2277,你们有资格说他吗？
2278,是一大群人
2279,致敬
2280,起立
2281,想屁？
2282,隐形守护者出现过
2283,无耻
2284,敬礼
2285,好!!!!
2286,致敬
2287,真的好看，强推
2288,后面好像没还
2289,全体起立
2290,当时的人是无助的 没有借鉴的 迷茫彷徨的
2291,刘半农是我们的法兰西岁月里的延年  哈哈哈
2292,我想你了先生，当今的盛世如你们所愿
2293,骂得好
2294,你没有见过中国的历史，不知道时间的力量
2295,1
2296,全体起立
2297,接近现在的40000块钱
2298,好像张译
2299,致敬
2300,害
2301,委屈的都是所有百姓，国家的问题罢了
2302,曹曦文？
2303,可是，孩子的时候，谁能这么轻易的理解父亲的不易呢，在孩子的眼里，终究是父亲自私，上帝视角才知道父亲对国家的无私啊
2304,这是船啊。这船比现在的三等舱可好多了。
2305,该骂！！
2306,男神啊！
2307,强
2308,无耻
2309,天降伟人
2310,要哭了啊
2311,全局最恶心张丰载
2312,青年杂志
2313,世纪伟人
2314,他来了
2315,卖掉股票吧
2316,唉
2317,！！
2318,确实该反省自己
2319,小比崽子不懂事儿
2320,没有目标   迷惘   还要坚定的找答案   在我们的上帝视角 他们是成功了    但是在当时的情况等于都去送死
2321,起来
2322,前面那个@唐僧的少引战
2323,是的
2324,全体起立
2325,哈哈哈哈哈
2326,哈哈哈哈哈
2327,"记住这个荷叶黄牛蹄,后面要考的"
2328,骂得好！！！我很惭愧！
2329,帅
2330,致敬先烈！
2331,切克闹
2332,果然是周乙刘备
2333,泪目
2334,致敬！
2335,爱国和爱党是一体的哦
2336,=1、
2337,？
2338,来了
2339,躬酱精神
2340,别提人性的弱点 不是那个作者
2341,男神
2342,他来了
2343,？？？
2344,是我也买
2345,ohhhhhhh
2346,中国万岁！！
2347,好尼玛的家伙  都尼码什么玩意屏蔽了
2348,文化人骂人果然非同一般
2349,陈先生千古
2350,忽悠
2351,新青年
2352,哈哈哈哈哈
2353,男神！
2354,抖音直呼内行
2355,我哭了
2356,鼓吹用的不对吧
2357,是刘备吗
2358,我叫陈延海 咋感觉在叫我呢
2359,莉
2360,我们的光
2361,暴力
2362,詹姆斯
2363,男神啊
2364,开了小部分
2365,现在也一样
2366,伟人是看的比普通人更远，走在更前面的一群人
2367,哈哈 兄弟们有托！
2368,全体起立
2369,就这就这
2370,他来了
2371,他是太阳
2372,枣庄
2373,真哭了
2374,永远滴神
2375,敬礼！！
2376,全体起立
2377,致敬
2378,和尚？
2379,不回来就对了，回来被抓更连累家人
2380,全体起立
2381,我的心是冰冰的
2382,给老子飞
2383,这群学生还救个屁啊
2384,有一说一，确实
2385,滚
2386,哭了
2387,走向共和只是比较客观，并没有历史虚无主义吧
2388,1.
2389,我反倒觉得孩子有骨气有血性，孩子不成熟看不清局势那也不怪他们，他们还是有分寸知黑白的
2390,张丰载是真的小人
2391,关弹幕食用更佳  总有一两个张丰栽跳脚看着难受
2392,乞儿饿殍
2393,姐妹俩都不放过，果然秀
2394,骂得好
2395,键盘侠
2396,来了
2397,不可取
2398,就是这个时期第一次用兵....
2399,好
2400,全体起立
2401,不然我们为什么有好日子？
2402,天降伟人
2403,屁股决定脑袋
2404,别说，光看剧，我这个历史渣读懂得少，看解说就好很多
2405,没错
2406,是的
2407,让我想到 天行九歌 韩非那一幕
2408,23332
2409,2333
2410,觉醒年代亏本啦！真是搞不懂-_-||
2411,南陈北李就怎么来的
2412,不行了
2413,特么的真敢说啊
2414,"不必时时怀念我,也不要指望我回来,我离开以后,你们就是我"
2415,我走
2416,和尚，你咋拿鼻孔看人
2417,无耻啊
2418,起立
2419,延乔啊，我的延乔啊
2420,.3
2421,这部剧是我多年以后开始看电视剧，没快进，
2422,起立
2423,请各位好好思考一下过去年代，以及过去的伟人，他们靠什么我们才有了今天?不可盲目比较阿。
2424,三刷
2425,9.7了！泪目！
2426,这不是和尚吗
2427,起立！
2428,泪目
2429,托
2430,觉醒年代yyds
2431,啊
2432,？？？
2433,骂的好
2434,来了
2435,等等看
2436,现在都是丧文化 反而是认真努力的人被嘲笑了 真可悲
2437,以前我很不喜欢近代史，但是看了这个我改观了
2438,现在政治问题怎么辩论
2439,小栓，唉
2440,喝
2441,来了来了
2442,伟人登场
2443,现在河南卫视就有
2444,南昌人表示想砍了日本
2445,骂得好！
2446,男神
2447,所以现在中国依然需要《新青年》
2448,男神
2449,起立起立
2450,万岁
2451,↓你是说《人性的弱点》的作者没本事吗？读过原著吗？
2452,无耻
2453,舒服了
2454,骂得好！
2455,也可以叫仁义道
2456,近代史看着太难受了
2457,？
2458,bgm 是华胥引的十三月
2459,鸡皮疙瘩起来了
2460,滚
2461,感谢up
2462,男神啊
2463,别骂了，我错了
2464,别骂了
2465,岛国忘我之心不灭
2466,9.3太少了吧
2467,法国南部！
2468,牛逼
2469,吹毛求个疵，应该是读未遂(去声)吧？
2470,刘备啊
2471,指囷相赠
2472,托儿
2473,i偶然九二克日给个i让珀尔ui富可敌国i
2474,胡适没有文人的风骨
2475,演的历史也就那么几年，后面太黑暗了
2476,？
2477,太伟大了 敢于做思想启蒙改变民众思想的ren
2478,演员真得演得太好了，想哭啊
2479,几次都有蚂蚁这个情景
2480,呜呜呜呜
2481,冯组长
2482,致敬
2483,现在的北京大学。。。
2484,草好帅
2485,骂得好
2486,+
2487,80度角都没有，差评
2488,致敬英雄
2489,日本二十一条
2490,好
2491,男神
2492,说孩子的，在座的各位可能还做不到他们那么好
2493,敬礼
2494,v
2495,呜呜呜呜它来了！《新青年》来了！！
2496,那俩其实也想帮忙 买字是假 给钱是真
2497,成大事之人要抛弃一些重要的事物的
2498,起立
2499,没有弹幕吗
2500,刚看完原片来看解说了
2501,不能空喊口号！你们的初心呢
2502,我觉得现实还会更惨
2503,记住一点，不要拿着现在的思想看待当时的不合理，那时一夫多妻很正常
2504,托
2505,哎可惜最后还是分开了
2506,有时候在单位里被逼的不得不认同某些人的观点
2507,致敬！
2508,他来了
2509,着实惭愧
2510,那个时候他们也不知道他们正在改变历史
2511,气死老子
2512,杀疯了
2513,现在有搞这样的吗？？？
2514,鸡皮疙瘩起来了
2515,这里还有一段剪头发的戏没有了
2516,国足啊。。。
2517,法兰西岁月拍的是还行，但是很多史实性错误太严重，都不是错误了就是胡编乱造
2518,?????
2519,他来了
2520,刘备
2521,全体起立
2522,不是格局小，立场不一样，看事情的角度不一样，各自经历的事情也都不一样
2523,泪目
2524,泪目
2525,我们想您了
2526,师爷
2527,近代史就是中国屈辱史 清朝罪魁祸首
2528,无耻矣
2529,2021高考作文
2530,上海理工大学表示这场景很熟……
2531,不剧透好评！我正好还只看到第七集
2532,哥哥干什么乔年都跟着，没有哥哥的那一年他是怎么过下去的，他又是怀着什么样的心情慷慨赴死的......
2533,致敬，，
2534,全体起立
2535,不亏死你
2536,觉醒年代yyds
2537,牛啊
2538,乱世必然不能全顾
2539,40万了
2540,汪没问题，有问题的是胡适跟吴
2541,我求求你们了，不是只有爱情是情。不要只会盯着这个
2542,为啥要留胡子啊，显老
2543,高富帅
2544,推荐三哥看的剧
2545,感动到不行！没有先烈，就没有现在的我们！
2546,骂的好啊
2547,是的
2548,YYDS
2549,日本传统艺能
2550,二十一条 是我 我想到 气也不打一处来
2551,你以为你仅仅是在看觉醒年代实际上是在看后面几年的高考作文
2552,放在现代有多少个人是把水倒掉或者把蚂蚁碾死的
2553,托儿
2554,说湖南方言你听得懂？
2555,talaile
2556,弹幕护体
2557,饥饿营销？2333
2558,然而7成人是文盲
2559,？
2560,现在都没开呢
2561,成千上万人的一生，成为密密麻麻的考点。
2562,和尚，你TN的粘个胡子装什么文化人
2563,新中国的领军
2564,安徽人路过
2565,好好吃你们的瓜，别捣乱！
2566,默默默默
2567,默默默默默
2568,这剧还是过于美化了，现实肯定比这还惨。。
2569,那只是某些没文化的人而已，但凡想了解自己国家的文化都知道
2570,都看下年代，那个时候女人还没什么社会地位
2571,必须是yyds
2572,？？
2573,俺也一样
2574,阿这，但是马原课上不是这么教的啊
2575,太暴力啦，全部续上
2576,是啊
2577,俺也一样
2578,然后就有了广播体操
2579,必入国剧神龛
2580,健壮的 而非体弱的
2581,楼上牛哇
2582,骂的好.
2583,贼好看
2584,锰男
2585,李鸿章？真小人！
2586,胡适对新文化运动是有很大贡献的 这些不能被他后来的所作所为所覆盖 功过要分开
2587,?
2588,先看
2589,三倍体无籽西瓜
2590,乔年真的可爱
2591,你再骂！(真切
2592,伟人出场
2593,礼义廉，无耻
2594,111
2595,我以崇高的敬意向你致敬先生你的学生
2596,无耻
2597,中国历史  时间的力量 ！！！
2598,“你没有见过美国的航母，不知道美国的力量”
2599,致敬英雄！
2600,看得见有象征义
2601,刘备！
2602,HA
2603,直接跳过2333
2604,起立！！！
2605,俺也一样 
2606,俺也一样
2607,发的视频有多少三连
2608,托
2609,???
2610,弹幕呢？
2611,安庆人不知道这个菜
2612,曹狗
2613,致敬
2614,呸，不要脸
2615,腾讯直呼内行
2616,h
2617,刘备
2618,长沙！
2619,蝼蚁尚且有活着的自由何况人！！！
2620,啊啊啊啊啊啊啊啊啊啊啊啊
2621,阿巴巴
2622,唉
2623,反对！
2624,轰鸣的一百年过去，全世界的民智不但未开还往回倒
2625,呜呜呜呜
2626,无耻啊
2627,自古忠孝难两全啊
2628,哪一条都不能签
2629,起立
2630,别骂了别骂了，我改还不行吗（捂脸）
2631,遍地哀鸿满城血，无非一念救苍生。
2632,骂的好！
2633,不骂。这些人终归是少数
2634,骂得好！
2635,别骂了
2636,k哭了
2637,我就生在12月13日
2638,这是张晚意饰演的，不错的演员！！
2639,哥哥29岁弟弟26岁  就把青春永远献给了祖国
2640,看看现在简直。。。。
2641,天呐
2642,豫才真的很像本人
2643,现在都没开全好吗
2644,绝
2645,泪目
2646,致敬！
2647,说的好
2648,形散神聚
2649,荷叶田鸡
2650,www
2651,有，陈独秀的书法属于比较贵的，15年保利的拍卖手稿拍出过500多
2652,你在内涵我们
2653,fgnb
2654,他在从中笑
2655,暴力
2656,这
2657,很好的塑造了历史人物
2658,哈
2659,这些您消灭的东西他们又回来了
2660,长亭外，古道边，芳草天——不要“碧连”
2661,你是托吧w
2662,躬酱精神
2663,苦难中国当初幸有那批圣贤
2664,张麻子
2665,世仇日本
2666,去优酷看
2667,会员
2668,再多骂些
2669,1
2670,他们钱哪里来的
2671,太帅了
2672,莫名流泪
2673,是因为现在网络便捷，能发言的什么人都有
2674,骂的好
2675,这部剧证明了历史剧也可以拍的好，也可以拍的像电影一样的质感，只要用心做，什么题材都会吸引人，包括历史题材
2676,基金那个是我了
2677,走向共和主要聚焦于政治家们，觉醒年代是聚焦思想文化
2678,说确实没开的什么心态?
2679,致敬
2680,张丰载真的从第一集恶心我到最后
2681,说的话 就是大多数人
2682,唉
2683,回形针出来受死
2684,我倒是有影印版的《新青年》杂志，多出几本，可以转让给有需要的同学。
2685,历史人毫不畏惧
2686,延年！！乔年！！我已经在哭了 淦
2687,君不见 汉终君
2688,啊这
2689,都啥时代了，还有人拿文理科说事
2690,？？有点渣
2691,对
2692,这里是伏笔，后面会考
2693,别骂了
2694,安庆菜
2695,那个男人来了
2696,初中生也相当熟悉
2697,没有他们我们都没有现在发弹幕
2698,呜呜呜呜呜
2699,怎么可能没斩草除根，延年乔年逃掉了才没被杀
2700,前面的，易白沙不是杀不了袁，是杀不了徐
2701,！
2702,是炕饼的石子吧，这种干的死面饼，很难发霉的
2703,竟然这个词用得妙阿！！！！真实而讽刺！
2704,又看到有人说人家没做什么贡献了，里面任何一位都轮不到你来评价，还不够格
2705,可以嗑个屁，放尊重点！！！
2706,文化人
2707,男神
2708,林忆莲？
2709,不是说格局的不如俩孩子，能如他们的历史少有
2710,没关系，借助朋友家？
2711,？？？
2712,谶
2713,这个话题现在不是在说，什么毛病！！
2714,加1
2715,居然有人说胡适之是“一点污点”？我劝你还是多读书
2716,又崇拜又排斥的看父亲
2717,111
2718,等苏联老铁
2719,哭就完事
2720,有托！
2721,月卡
2722,现在还有辩论？
2723,卡内基都是交给下面人去压榨工人，自己做慈善文艺事业
2724,骂得好
2725,说别骂的人 要去改变根深蒂固的观念方能不被骂啊
2726,是他是他就是他
2727,？
2728,疑犯追踪！！吹爆肖根
2729,确实
2730,遍地哀鸿满城血，无非一念救苍生。
2731,学到了
2732,现在二极管太多
2733,tt
2734,现在很多大企业说的话也没人看得懂
2735,我错了
2736,cctv
2737,666
2738,苦难的旧中国人
2739,说私德有亏的，你了解时代背景吗？知道啥叫身不由己吗？
2740,时代背景不同啊，提什么影射？
2741,6
2742,每一代人都需要开民智
2743,.
2744,三天看完，我这迷得不行。
2745,男神
2746,子美的结局也是让人唏嘘
2747,上面那个，郭沫若只是喜欢写打油诗，别把喜好当职业
2748,666
2749,999
2750,他来了，从风雨中踏泥泞而来，满身风雨……
2751,岂曰无衣 与子同袍
2752,震旦是古代印度用梵文称呼中国的音译
2753,这就是思想家和键盘侠的区别
2754,不要站在上帝视角看历史
2755,托儿
2756,罪过
2757,筷子还拿着呢哈哈哈哈哈哈哈哈哈哈
2758,！
2759,？
2760,男神！
2761,马相伯1840年出生
2762,这剧原创bgm简直绝了
2763,真是考点，高考的考点
2764,？山东新高考作文？
2765,躬将精神，吐了
2766,男神
2767,fgnb
2768,我初中同学和鲁迅长的非常非常像真的很像
2769,隐形守护者那叫亚辉通讯社，是日本人的
2770,你再骂！
2771,自 动 续 费 舰 长 现 状
2772,是啊
2773,现在的中国你们看到了！
2774,1917年就出现了呐
2775,别骂了
2776,其实是一种好的选择，但是当时的局势不合适
2777,啊
2778,臭不要脸的日本人
2779,我爱中国
2780,啊这
2781,他说那话确实该骂啊
2782,这里一开始说的是不救也罢
2783,来学历史了
2784,道歉？这不是专业对口吗！
2785,这不是曹操吗
2786,黑暗你去不去看都是黑暗，但是有人能看见光明
2787,键盘侠的辩论那能叫辩论吗？那叫不讲理，那叫骂街！
2788,这剧没白刷，还真就考了
2789,yyds
2790,骂吧我该，我改
2791,呸
2792,压题党狂喜
2793,致敬
2794,台词还有进步空间啊。。。不口语化气息也不稳
2795,印度现在也是这情况
2796,哭了
2797,yy
2798,心刚很爱国的，他们那个时候根本不知道能不能赢但是他们还是义无反顾的去做了，现在国富民强的你们持着上帝视角哔哔啥呢
2799,果然还是和现在大学生一样，老deadline人了
2800,别骂了
2801,我下意识以为子美是杜子美。。。
2802,骂得好！
2803,新中国第一男神！！！
2804,yyds
2805,我就说咋感觉说话听着想刘备
2806,胡适间接害死这俩
2807,玩梗的离远点吧
2808,我知道你们想说什么(ー_ー)!!
2809,他后来真的做到了！！
2810,是那个拯救了中国于水深火热中的他
2811,不早说，买了优酷会员了
2812,批斥旧思想的忠君爱国，忠君不应当和爱国等同挂钩
2813,王安石变法是有先进超前的地方，但也不顾百姓实情，留下亡宋祸根
2814,a1高闪来一个好嘛秋梨膏
2815,孩子想的没错，陈独秀也没错，错的是时代啊
2816,人民万岁
2817,这部剧真的是又气又感动！！
2818,鹅！让子弹飞的鹅！！！
2819,好，好，好（鼓掌）
2820,这片的弹幕达到5.1亿了
2821,优秀民营企业家   代表的子女
2822,区块链   熔断
2823,一桌子辣椒
2824,喷子
2825,他们想打多久！就打多久的 猛男来啦！！！！
2826,男神啊啊啊
2827,交截图的别跑！带我一个
2828,这是禁军啊文武双全
2829,Funny Mud Go Pea吧
2830,C-BLOCK
2831,一语成谶
2832,张丰载说民智未开，不行！陈独秀说民智未开要换脑子，行！
2833,感觉学生最容易收到鼓舞
2834,男神来了
2835,fgnb
2836,致敬
2837,。。。。
2838,最牛师范生，出场
2839,他从风雨中走来，与光同行
2840,能和《走向共和》并提的一定是部历史大剧
2841,点赞投币 
2842,问苍茫大地，谁主沉浮
2843,全体起立
2844,牛哇哈哈哈哈哈哈
2845,第二偶像
2846,领袖
2847,现在也谈
2848,难啊
2849,来了
2850,既得利者
2851,气死人
2852,敬礼
2853,猛男来了
2854,哦豁
2855,全体起立
2856,都是日本
2857,全体起立
2858,不牵，那日本的舰队就打过来了，唉，弱国的悲哀啊。
2859,是的
2860,山川异域，不共戴天
2861,延年乔年啊呜呜呜呜呜呜呜
2862,呜呜呜呜易白沙哭死我了
2863,不盲目崇拜
2864,让张丰载那一波人做这个国家主就会花滑入深渊，索性天佑中华，先驱们挺身站了出来
2865,全体起立
2866,天降伟人！
2867,演得太用力了？
2868,鲁迅帅的飞起
2869,是的
2870,这个眉毛真的太可爱了！
2871,英雄的宿命啊
2872,清华大学校训
2873,我们的上帝
2874,基纽特工队
2875,男神！！！
2876,我说为什么我上学的时候，体育老师经常请假
2877,！绝世靓仔登场
2878,二十一条条约 即使付出多么惨痛的代价都不能承认啊
2879,高考作文又是早出的 命题没跑了
2880,对于我们中国来说他是最伟大的人  它的功盖过他的过
2881,进取的而非退隐  进步的而非保守的 实利的而非虚文的 自主的而非奴隶的 世界的而非锁国的 科学的而非想象
2882,复 中国     复兴中华
2883,这可不是什么道具，假的，是真的。
2884,男神
2885,看哭了这几个镜头
2886,想想现在在看视频呢你们有多少 都是在吹空调玩游戏
2887,这才是真的励志啊比我现在吹空调看视频好多了
2888,爱国是爱党吗
2889,这一幕很有深意呀
2890,原来这个人是他的儿子
2891,但是也确实值钱
2892,哪里长得像只是你不适应他们好的演技罢了 总比面瘫冷点好
2893,想看偶像剧哪里长得像
2894,形象是真的挺还原
2895,注意看这个简历
2896,fgnb是什么意思
2897,但是看历史是要结合时事来看  的确那样的冲击会给中国带来非常大的危害
2898,尘土飞扬是真的
2899,虽然不喜欢全文背诵但是我爱鲁迅
2900,曹贼
2901,别骂了
2902,十三月泪目
2903,白沙先生啊，
2904,你真秀
2905,真的秀
2906,南陈北李
2907,当面亲吻他！
2908,连续包月hhhhhhhhhhh
2909,发截图了（来自团支书的呐喊）
2910,他来了
2911,俺也一样
2912,全体起立
2913,全体起立！！！！！！！！！！！！！！！！！！
2914,配上这个BGM和画面，真有感觉
2915,可是真的秀
2916,别骂了
2917,吃瓜群众的来源
2918,那个男人来了
2919,你再骂
2920,斯诺说的fu南口音没了
2921,实时弹幕
2922,276人正在看
2923,接化发
2924,剧里我最喜欢守常先生了!
2925,体育之效啊woc！！
2926,还有两个小儿子松年鹤年
2927,多少人为了作业来
2928,"w。rqwqte,"
2929,来了
2930,醴陵人
2931,看得见
2932,男神！
2933,zfz什么时候领的盒饭啊气死了
2934,陈失败那么多次还能乐观起来？
2935,这段是真的拍的好
2936,伟人
2937,太帅了
2938,好家伙但凡我提前看到
2939,想哭啊
2940,全体起立
2941,完全停不下来
2942,全体起立
2943,中国万岁 ！人民万岁！
2944,全体起立
2945,哈哈哈哈哈哈哈哈哈哈哈这两兄弟
2946,哈哈哈哈仲甫先生
2947,他从人民中走来
2948,鸡肉味，嘎嘣脆
2949,父慈子孝名场面
2950,魏和尚
2951,身上湿透了，书却干干的，泪目
2952,好小子，果然是你和尚
2953,...... 呀呵
2954,可以
2955,和尚，刚开始 没认出来.............
2956,不要以上帝视角看历史
2957,致敬
2958,他是不是黑鹰 欢天喜地七仙女橙儿cp
2959,已经开始生气了
2960,跳过哈哈哈哈哈哈
2961,演技好棒
2962,来了，他来了
2963,俺也一样
2964,天选之子
2965,魏和尚
2966,我们安徽地灵人杰
2967,他自风雨中来，阅尽苍生疾苦；他脚踏污浊，要将清风带给人民
2968,他刚出演就杀青了
2969,我免费啦
2970,又心疼又想笑⊙﹏⊙
2971,是那位
2972,6
2973,开课了看看
2974,开课啦看看
2975,开课啦看看
2976,开课啦
2977,他来了，他来了！
2978,开课啦算个屁 开课啦算个屁
2979,开课啦算个屁  开课啦算个屁   开课啦算个屁
2980,开课啦算个屁
2981,开课啦算个屁
2982,开课啦算个屁
2983,为什么我看不到弹幕
2984,天降猛男
2985,笑坏了
2986,那些没文化的就只会哔哔赖赖，说不出什么事实辩论
2987,高情商：放到现在也不过时
2988,名和利莫问候，书并剑到心头
2989,蚂蚁就是当时的中国
2990,这个彬彬就是逊啦
2991,那时候没有人知道是对是错
2992,新高考作文Ⅰ！！！
2993,星星之火，可以燎原
2994,一个弹丸小国想什么屁吃呢
2995,jnpw
2996,好帅
2997,好先进啊
2998,俺也一样
2999,全体起立！
3000,商议个毛线！二十一也不能签！
3001,刘皇叔啊
3002,还是开课啦跑出来的
3003,开课啦跑出来的
3004,牛
3005,易烊千玺？
3006,啊啊啊啊啊啊啊你做梦！！！！！！
3007,牛逼
3008,音容宛在，永生难忘
3009,音容宛在，永生难忘
3010,想哭
3011,我来，我见，我记住，我改变。
3012,起立
3013,起立！
3014,全体起立！！！！
3015,啊啊啊啊 延年
3016,影视剧不一直用普通话吗？
3017,问苍茫大地，谁主沉浮！
3018,讲历史就是要这样
3019,春秋公羊儒才是儒道本意，后来宋明理学和满清奴化才让儒学彻底废掉，就像佛家上部座典籍都是借释尊之名伪造，不是佛陀本愿真言，魔子魔孙沐猴而冠
3020,默默默默
3021,默默默默
3022,南昌人正怒
3023,一提到白话文就想到鲁迅
3024,高考作文！！
3025,55555救星
3026,自古忠孝两难全
3027,哈哈哈哈啊哈哈哈哈
3028,神
3029,全体起立 他来了他来了
3030,狗东西
3031,全体起立！
3032,啊啊啊啊啊啊啊啊啊啊啊啊求问这里的bgm！太好听啦！！！
3033,全体起立
3034,我想哭。。
3035,确实未开啊。。只有极少部分知识分子开了，普通老百姓只想活着。。
3036,想想鲁迅的药，没开的确实很多。
3037,我觉得应该辩证评价胡适
3038,的确
3039,全体起立
3040,近代史还不真实吗，你可能是文盲
3041,确实对家庭疏于关注
3042,fgnb
3043,我感觉我的灵魂在颤抖
3044,他的眼里有光
3045,致敬
3046,我的法兰西岁月 也好好看！！
3047,全体起立
3048,一言不合就举报
3049,男神！！
3050,人民万岁
3051,东方升起的太阳
3052,捧哏的
3053,镜头语言真的太棒了
3054,、、、、、
3055,老刘备了！
3056,他来了！他来了！
3057,孟邹真的超可爱 又当爹又当妈哈哈哈哈
3058,再次起立
3059,《美国商业大亨》
3060,全体起立，天降猛男
3061,全体起立
3062,声音好好听
3063,这是霍景良吗
3064,一语成谶
3065,给我全体起立~！
3066,我永远的男神！
3067,加一
3068,握草真的是和尚
3069,铭记历史！
3070,赞
3071,心有猛虎细嗅蔷薇
3072,他来了他来了
3073,男神啊
3074,全体起立
3075,白相才是“玩耍”的意思，和相伯没关系，前面的记错了
3076,虽然历史上陈独秀给了他们哥俩每人每月五块或十块钱，但是他们过的还是很苦
3077,这二，人家向你讨你也没还啊
3078,致敬。
3079,如他所见。
3080,他从风雨中走来
3081,不能说日语，你见过哪个外交官在国外说外语的
3082,我正在找
3083,连续包年哈哈哈
3084,为中华之崛起而读书！
3085,我一直找不到这个=段ngm
3086,感谢！
3087,秀
3088,气死了
3089,男神
3090,李立三，那个叛徒
3091,他来了！
3092,它吗的
3093,四，世界的，而非锁国的五
3094,三，进取的，而非退隐de
3095,一，自主的，而非奴隶de
3096,抗的麻袋都是真正的几百斤重的
3097,国耻啊
3098,别骂了别骂了
3099,老渣男了
3100,正是因为看不见才要继续看
3101,一脸懵逼
3102,敬礼
3103,俺也一样
3104,然后震旦学院就成了震旦博物馆，近几年也关掉了
3105,俺也一样
3106,惊雷？这通天修为、天塌地陷紫金锤？
3107,天降猛男
3108,还好李立三脑袋清醒，知道自己犯了大错马上回头了
3109,的却，而且现在看来都有道理
3110,逆着风雨走来，带着人民走出风雨
3111,鸡皮疙瘩
3112,神剧
3113,。
3114,这部剧正是现在的青年需要的
3115,良心剧组9.9以上不过分吧
3116,平平
3117,人民万岁！
3118,男神啊啊啊啊
3119,男神
3120,致敬
3121,/8
3122,说的是其中的糟粕部分，不是指全部儒学
3123,那个男人，他回来了
3124,起立，敬礼
3125,全体起立
3126,周星驰？
3127,接着奏乐，接着舞
3128,敬佩但我一定不会成为他一样的人
3129,我们家后面 要建马相伯中学了 给力
3130,天降大任于斯人也
3131,全体起立
3132,起立
3133,全体起立
3134,语文书和历史书常客
3135,800米
3136,从星火中来
3137,太足来了
3138,他来了他来了
3139,吹爆这部剧！超好看！
3140,和尚
3141,导员
3142,其实同意未开
3143,键盘侠
3144,学期强国app免费看
3145,这六条标准我第一次看的时候就背下来了，真的
3146,ohhhhhhhh
3147,致敬！
3148,致敬！
3149,致敬！
3150,支持
3151,无耻
3152,天将猛男！！！
3153,就我一个人。
3154,体者，载知识之车寓道德之舍也
3155,来了
3156,万年难遇第一猛男！！！
3157,仰天悲愤
3158,战败国还能这么不要脸？
3159,一共43集，一点也不觉得长，而且每一集都全程高能
3160,真是任何时期都有 这种人
3161,这段有电影悲惨世界的感觉
3162,全记得！！！
3163,yyds！
3164,弹幕怎么都不敢说话了？
3165,一种植物的颜色
3166,你说的太好了
3167,郭心刚旁边的女人
3168,全体起立！！
3169,解释了也没理解。
3170,哎
3171,刘皇叔
3172,这跟将中国送给日本有什么分别
3173,致敬
3174,我去
3175,泪目了
3176,男神！
3177,板仓先生
3178,男神来了
3179,啊啊啊啊啊
3180,嗷嗷嗷嗷嗷嗷嗷
3181,这个蚂蚁有寓意的
3182,，
3183,全体起立
3184,加一
3185,全体起立！
3186,天降锰男！
3187,全体起立！
3188,这就去游长江
3189,原来是有利益啊，怪不得有立场
3190,思想启蒙确实是最难也是最根本的武器
3191,私德和大义有时候不冲突
3192,镜头太绝了
3193,南平人震怒
3194,中国足球
3195,老刘的xswl
3196,配乐好绝
3197,新文化
3198,致敬
3199,只有绝对的去否定儒家文化，觉醒中国人为了觉醒不得不全面否定中国文化。
3200,呵呵，胡适是一篇文章讲降日还是所有的呢?不要以偏概全好嘛?
3201,不！！！
3202,？？？？？？？？？？？
3203,实话实说
3204,其实这里说的是对的，但是对立人物不得不拍成错误理论
3205,全体起立
3206,预言家
3207,全体起立
3208,听说他们演戏时是真的扛了一百多斤的麻袋，真正的演员
3209,刚看完，超级好看
3210,要点脸吧我去
3211,巨佬登场
3212,200一个月
3213,生如蝼蚁
3214,父子线很感人的 
3215,守常先生千古！
3216,章太炎
3217,走向共和算了？你能拍？呵呵，真就尬黑呗
3218,开口就是老刘皇叔了
3219,这些人才是中国的脊梁！！
3220,天降猛男
3221,哈哈哈哈哈都认识都认识
3222,致敬！！！
3223,妹妹没死，玉莹是延年乔年牺牲之后吐血而死的
3224,仲甫先生
3225,在今天这个时代，我无时无刻不在想念你们，时代需要改变，却缺乏了伟人
3226,安徽
3227,他来了他在风雨中看见了旧社会人们的苦难！他来了
3228,全体起立!!
3229,中华第一猛男和中华第一男神
3230,他来了他来了
3231,蔡徐坤 落泪
3232,伟人
3233,欢迎来到神域！
3234,别骂了 正是在下
3235,这个背景音乐鸡皮疙瘩我天
3236,蚂蚁是隐喻民众发声吧
3237,百家争鸣
3238,期末考试考了。。
3239,《惊喜》
3240,这剧9.3分有点低啊
3241,心刚啊
3242,年轻演员如此努力，不容易。
3243,致敬！马相伯老先生
3244,他来了！
3245,眉毛好像啊
3246,后门白色的好像耳机啊哈哈哈
3247,张疯崽老小丑了
3248,玛德
3249,配额制哈哈哈
3250,蒋那个胡子有点奇怪
3251,怎么就突然没有了
3252,没有看够啊
3253,这家伙简直狗崽子
3254,这一段真的很好
3255,可惜啊，最后干了错事啊
3256,河北人也怒了
3257,出现了
3258,哎呀，历史并不是你们口中的谁好谁坏
3259,哈哈，陈独秀的出场差点给我劝退了
3260,全国第一的天才
3261,再次起立
3262,太热血了 呜呜呜
3263,我看到了祥子？？？？
3264,看完了
3265,商你个头
3266,听着up声音就烦
3267,好看
3268,致敬伟人
3269,致敬
3270,天降伟人
3271,有什么不能播的
3272,这里他们抗的是真的沙袋哦，没记错的话好像是七十斤
3273,心刚啊。看到就想哭
3274,南昌人愤怒
3275,仲甫先生
3276,仲傅先生
3277,这台词功底真的太好了
3278,守常先生
3279,无耻啊
3280,这没方言莫得灵魂啊
3281,守常先生好！
3282,秀
3283,姜文
3284,这能播呀?很容易联想
3285,看木鱼的比自己看还清楚
3286,郭沫若才是真牛逼
3287,胡适写过的白话文没有一篇比得过鲁迅
3288,胡适人渣一个
3289,亿点污点
3290,胡适人品好个屁。
3291,为中华之崛起而读书！！！
3292,全体起立！！！
3293,他来了
3294,DNA动了
3295,不然呢
3296,我校牌面！
3297,山川异域，不共戴天
3298,你的学生以崇高的敬意向你致敬
3299,加一条：健壮的而非文弱的
3300,先生你的学生向你致以崇高的敬意
3301,真的是神剧阿
3302,仲甫先生
3303,实干第一人
3304,胡适小儿
3305,纨绔子弟
3306,天佑我中华，有无数个猛男
3307,别找了
3308,干饭的神
3309,你居然敢发
3310,守常先生
3311,瞎说什么大实话
3312,一去不返啊
3313,麻木冷漠和没有自我判断一样低级
3314,梦开始的地方
3315,你没有见过美国的航母，不知道美国的力量
3316,中国最强的男人 他来了
3317,直到今天，你依然是我的光！
3318,男神来啦！
3319,真的强  当时的人 都舍家为国  毫不贪恋 自己的家庭条件和 社会地位
3320,为中华之崛起而读书
3321,伟人的笔名   比我绞尽脑汁想的网名  高级太多了
3322,他 lei 了  他 lei 了
3323,这部戏的演员演技都太好太好了
3324,截图了哈哈哈
3325,天降猛男
3326,全体起立！
3327,致敬！
3328,老电视剧了
3329,全体起立！
3330,我们现在也是摸着石头过河
3331,也没毛病的，不能现在的眼光去看
3332,反正钱到账了
3333,很稚嫩
3334,留到现在多少钱
3335,眼泪直接下来了
3336,二十一条是山东人永远的痛
3337,我小的时候领悟不了“为中华之崛起而读书”之伟大
3338,为中华之崛起而读书！
3339,他全看见了
3340,真是和尚啊
3341,他们都没有错
3342,？？？？
3343,震旦=华夏
3344,这位演员都40岁了一点看不出来！
3345, 致敬！
3346,致敬！！
3347,男神
3348,1
3349,霍
3350,延年乔年啊啊啊我哭
3351,他看到了！
3352,看近代史真的全程破防
3353,吃的好辣
3354,日月山川，不共戴天！
3355,应该是唯此两项为大吧
3356,青年才俊
3357,你谁啊哈哈哈哈哈哈
3358,鲁迅yyds！！
3359,星星之火 可以燎原
3360,全剧MVP：报童
3361,ohhhhhhhhhhhhhhhhhhhhhhhhhhhhhhhhhhhhhhhhhhhhhh
3362,开口跪，声音大爱
3363,论如何有道理的吵架
3364,致敬
3365,他从风雨中走来，带来了希望和未来
3366,他从风雨中走来，带给了希望与未来
3367,《让我这个平时基本不流泪的人流泪有点奇怪》
3368,不敢说我认识啊哈哈哈哈哈
3369,他来了，他看见了
3370,封神的一幕
3371,他从风雨中走来，将一切都看在眼里
3372,风骨！
3373,每一句台词都经得起推敲啊
3374,加一
3375,你想peach！！
3376,闭嘴ssz
3377,所以，无可救药不是说坏到不能救，而是没有药可以应对
3378,你又懂了，说结果前先摆论据
3379,日本去死
3380,全体起立
3381,您辛苦了！
3382,现在的人多数都没有那么严谨的思想了，即使批驳对方也多是答非所问
3383,说得好
3384,惭愧
3385,说得好
3386,尚且不够、民智不足
3387,延年555
3388,将忠君与爱国分离开来
3389,那个时候人人都迷茫，都在探索
3390,和尚
3391,致敬
3392,这个姓张的 太恶心了  追剧的时候真的太讨厌
3393,好家伙，我弹幕都不敢发了
3394,弹幕搁这害怕啥呢
3395,他来了
3396,觉醒年代yyds
3397,迅哥儿真的绝 太绝了
3398,啊啊啊 太爱导演编剧了
3399,全体起立
3400,北大表示不背锅哈哈
3401,确实是未开 认清现实吧
3402,真的超级用心
3403,演乞丐的演员演技好
3404,男神致敬
3405,伟大领袖！！！
3406,全体起立！敬礼！
3407,伟人！
3408,黎明之光
3409,最可爱的人
3410,英雄
3411,起立
3412,全体起立！
3413,喝点酒啊
3414,这个演员是《水浒传》的鲁智深扮演者？
3415,儒家思想本就害人 
3416,阜阳人来了
3417,辣个男人！！
3418,屁都不会，整天当魔怔人
3419,都搁着魔怔什么呢？有饼吗？性质一样吗？
3420,都搁着魔怔什么呢？有饼吗？性质一样吗？
3421,都搁着魔怔什么呢？有饼吗？性质一样吗？
3422,安徽人自豪
3423,天降猛男！
3424,他从风雨中走来，他看到了
3425,他全都看在了眼里
3426,伟人不朽
3427,1911到现在才4年，怎么可能开民智呢
3428,天降猛男
3429,文人骂人不带脏字的
3430,接着奏乐接着舞
3431,废除二十一条
3432,是，合理的人物丰满也会冲淡角色的距离感，让人物更加立体，鲜活
3433,想到了就去做，行动力也很强
3434,行动力与思想认识并重啊
3435,日日
3436,剧里时不时苦中含乐地来这么一小段，让人印象更深了
3437,是毛
3438,共和？历史证明了共和走不通
3439,现在体育老师都总生病，这可怎么办233
3440,上车 兄弟
3441,选角都很像啊
3442,鬼子长得丑想得美
3443,不然呢？
3444,全体起立
3445,他来了
3446,致敬！！！
3447,新青年
3448,好家伙
3449,共和之骨
3450,位面之子
3451,呸！不要脸
3452,怎么就  夺笋啊
3453,礼义廉666
3454,！！正在找
3455,音乐杀我
3456,永远的神
3457,这段镜头语言很棒
3458,俺也一样
3459,后来日本成了美国的狗子国
3460,阿译长官！！！
3461,神
3462,必输之局，辩论个屁
3463,《兰花草》也是胡适写的
3464,喜欢这个开篇就点明陈的一大污点的设定
3465,只能说，过分了啊~
3466,充分说明大猪蹄子也可以是救国救民的人哈哈哈哈
3467,一语成谶啊
3468,爱国要有立场！服气
3469,冯森又在吃盒饭
3470,鲁智深是你！
3471,他全都看见了！！！
3472,中华五千年，前后两周公
3473,up主太用心了，干货满满
3474,考点出现
3475,考点出现
3476,找到了
3477,妙啊
3478,安庆人表示没听过。。。
3479,致敬!
3480,炭治郎直呼内行
3481,我二弟天下无敌！！
3482,全体起立
3483,全体起立敬礼！
3484,全体起立
3485,1
3486,他来了！！！
3487,人民万岁
3488,说这剧能播不容易的，简直就是个弱智，党自己的历史不能播？
3489,别提胡适
3490,这要是现代发生的事，可想而知
3491,全体起立
3492,七、健壮的而非体弱的
3493,阿译啊，爱了爱了
3494,潮州人震怒
3495,！！
3496,光听这几句话就泪流满面了
3497,全体起立！
3498,疯崽演的不错，看他就想抽他
3499,民智的确未开
3500,岂曰无衣，与子同袍
3501,poi yyds
3502,他来了
3503,这段演出真是顶级
3504,我炸了....
3505,大佬
3506,常守先生！
3507,什么东西啊！！后来在船上也是
3508,人民万岁！
3509,狼子野心！！！！！！！
3510,不愧是皇叔，到哪都匡扶天下啊
3511,2
3512,他们也曾是少年
3513,帅！！！
3514,这段拍的太好了吧
3515,鬼子胃口这么大，难怪吃的下核弹
3516,《划 重 点》
3517,我们的法兰西岁月非常好看
3518,人民说他万岁，他说人民万岁
3519,啥时候在上理工取的景
3520,他从风雨走来！
3521,福建人震怒
3522,八年级上册历史
3523,所以延年知道两边不能顾全就没有成家
3524,这部剧为什么在2021年的中国可以发出来？
3525,张丰载这个角色就是现在节奏党的缩影
3526,天降伟人！
3527,鞠躬
3528,男神！
3529,这就直接附庸了
3530,猛男来也
3531,我觉得白话文的兴起 让我们丢失了很多文言文
3532,这个时候还在争这个高低，真是没救了
3533,不小心高考预言到了
3534,可上九天揽月，可下五洋捉鳖，谈笑凯歌还!
3535,屠龙者未成龙的人，太感动了
3536,天降猛男！！
3537,？
3538,看得见
3539,仲甫先生
3540,五九国耻
3541,就问你气不气气不气气不气！
3542,起立
3543,他如神明一般看这人间每一处疾苦
3544,伟人
3545,那个伟人！
3546,1
3547,剧是真的好看，就是每次bgm一响我就跳戏华胥引，甚至脑袋里自动补歌词，我可太难了。。
3548,1917
3549,呜呜呜今天是延年牺牲94周年
3550,46万了
3551,来二刷了
3552,屑
3553,世纪伟人
3554,妙人
3555,延年！
3556,他来了他来了！
3557,前方高能，请全体起立！
3558,阿译~~~~
3559,他来了
3560,狂人日记
3561,。
3562,朱门酒肉臭，路有冻死骨
3563,太用心了吧，泪目
3564,现在也是 同志们仍需努力
3565,严复是北大第一任校长
3566,这个很重要也很好
3567,有趣
3568,霸气外漏
3569,哪个男人
3570,央视影音客户端观看
3571,木鱼讲的好细
3572,全体起立！！
3573,砸死在假山上就搞笑了
3574,他来了
3575,看完采访过来的
3576,不签
3577,别骂了
3578,现在的正确早已被定好，撼动不了的
3579,来了来了
3580,不是酒剑仙，你脸盲有点严重啊
3581,月卡行为 
3582,躬匠精神
3583,第一帅，不接受反驳
3584,致敬
3585,爱国不一定要爱特色国
3586,这个是鲁肃吗？
3587,起立
3588,伟人来了，全体起立
3589,别人的26岁
3590,让我康康
3591,跳过哈哈哈哈哈
3592,发不了？？
3593,民智未开说的确实是实话，但是保皇就属实离谱
3594,高考作文题
3595,好伟大
3596,全体起立
3597,全体起立
3598,郭心刚！！呜呜呜
3599,前方高能
